Brand,model,Year,Age,kmDriven,Transmission,Owner,FuelType,Price(Rs)
Honda,City,2001,23,"98,000 km",Manual,second,Petrol," 1,95,000"
Toyota,Innova,2009,15,190000.0 km,Manual,second,Diesel," 3,75,000"
Volkswagen,VentoTest,2010,14,"77,246 km",Manual,first,Diesel," 1,84,999"
Maruti Suzuki,Swift,2017,7,"83,500 km",Manual,second,Diesel," 5,65,000"
Maruti Suzuki,Baleno,2019,5,"45,000 km",Automatic,first,Petrol," 6,85,000"
BMW,X3,2014,10,"83,000 km",Automatic,first,Diesel," 13,50,000"
Toyota,Innova,2014,10,"168,000 km",Manual,second,Diesel," 10,25,000"
BMW,5 Series,2019,5,"25,000 km",Automatic,second,Diesel," 59,50,000"
Maruti Suzuki,maruti-suzuki-dzire,2020,4,"33,759 km",Manual,second,Petrol," 6,22,000"
Ford,Ecosport,2017,7,"69,713 km",Manual,second,Petrol," 6,49,000"
Maruti Suzuki,Alto-K10,2018,6,"70,000 km",Automatic,first,Petrol," 3,95,000"
Kia,Carnival,2021,3,"25,000 km",Automatic,first,Diesel," 29,00,000"
Maruti Suzuki,Swift-Dzire,2012,12,"72,700 km",Manual,second,Petrol," 2,40,000"
Toyota,Corolla,2007,17,"121,931 km",Automatic,second,Petrol," 2,01,350"
Mercedes-Benz,GLE COUPE,2021,3,"32,000 km",Automatic,second,Petrol," 1,18,00,000"
Hyundai,Xcent,2018,6,"130,000 km",Manual,second,Diesel," 3,30,000"
Kia,Seltos,2020,4,"68,000 km",Manual,first,Diesel," 10,45,000"
Maruti Suzuki,Ertiga,2016,8,"65,000 km",Manual,second,Diesel," 7,85,000"
Maruti Suzuki,Ertiga,2017,7,"59,000 km",Automatic,second,Petrol," 5,55,000"
BMW,3 Series GT,2015,9,"61,000 km",Automatic,second,Diesel," 15,00,000"
Ford,Endeavour,2019,5,"77,000 km",Automatic,second,Diesel," 23,99,000"
Toyota,Innova Crysta,2017,7,"107,000 km",Automatic,first,Diesel," 13,25,000"
Honda,City,2010,14,99000.0 km,Manual,first,Petrol," 2,95,000"
Audi,A3,2015,9,"42,000 km",Automatic,second,Diesel," 10,50,000"
Renault,KWID,2019,5,"48,073 km",Automatic,second,Petrol," 3,55,000"
MG,Hector,2019,5,"32,618 km",Automatic,first,Petrol," 12,50,000"
Maruti Suzuki,Swift-Dzire,2012,12,"70,000 km",Manual,second,Diesel," 3,15,000"
Maruti Suzuki,Celerio,2014,10,"51,000 km",Automatic,second,Petrol," 3,45,000"
Maruti Suzuki,Vitara-Brezza,2018,6,"137,000 km",Manual,first,Diesel," 8,45,000"
Toyota,2.8 Legender 4X2,2023,1,"1,996 km",Automatic,first,Diesel," 41,95,000"
Toyota,Innova Crysta,2017,7,"90,000 km",Manual,second,Diesel," 19,50,000"
Toyota,Innova,2011,13,"84,000 km",Manual,second,Diesel," 4,90,000"
Volvo,S90,2018,6,"53,000 km",Automatic,first,Diesel," 29,50,000"
Hyundai,Venue,2021,3,"17,000 km",Manual,first,Petrol," 6,85,000"
Maruti Suzuki,Ertiga,2018,6,"70,000 km",Manual,second,Petrol," 7,49,000"
Hyundai,Creta,2023,1,"5,000 km",Automatic,first,Petrol," 16,00,000"
Hyundai,Alcazar,2022,2,"47,110 km",Manual,second,Diesel," 16,95,000"
Hyundai,i20,2019,5,"35,000 km",Manual,first,Petrol," 5,85,000"
Mercedes-Benz,E-Class,2019,5,"101,570 km",Automatic,first,Diesel," 42,00,000"
Volkswagen,Polo,2021,3,"42,000 km",Manual,second,Petrol," 6,75,000"
Maruti Suzuki,Baleno,2018,6,"30,000 km",Manual,second,Petrol," 6,30,000"
Hyundai,Verna,2016,8,"82,100 km",Manual,second,Diesel," 4,65,000"
Audi,A4,2012,12,"90,000 km",Automatic,second,Diesel," 8,99,000"
Toyota,Fortuner,2011,13,"193,000 km",Manual,second,Diesel," 11,25,000"
Mercedes-Benz,C-Class,2015,9,65000.0 km,Automatic,first,Diesel," 17,50,000"
Hyundai,Creta,2022,2,30000.0 km,Automatic,second,Petrol," 16,90,000"
Maruti Suzuki,Swift-Dzire,2020,4,"94,856 km",Manual,first,Petrol," 6,90,000"
Skoda,Kushaq,2023,1,"12,000 km",Automatic,first,Petrol," 18,00,000"
Maruti Suzuki,Ciaz,2018,6,0 km,Manual,first,Petrol," 5,00,000"
Tata,Safari,2010,14,"500,000 km",Manual,first,Diesel," 8,00,000"
Toyota,Innova Crysta,2018,6,"118,000 km",Automatic,first,Diesel," 17,95,000"
Mercedes-Benz,C-Class,2016,8,"41,000 km",Automatic,second,Petrol," 20,00,000"
Honda,City,2010,14,"79,000 km",Manual,second,Petrol," 2,90,000"
Honda,BRV,2016,8,"103,001 km",Manual,second,Diesel," 5,55,555"
Hyundai,Creta,2017,7,"70,000 km",Manual,second,Petrol," 7,65,000"
Renault,Duster,2018,6,"130,000 km",Manual,first,Diesel," 6,90,000"
Maruti Suzuki,Wagon-R,2011,13,"78,000 km",Manual,second,Petrol," 2,25,000"
Toyota,Fortuner,2017,7,"115,000 km",Automatic,second,Diesel," 23,90,000"
Mahindra,Bolero Power Plus,2017,7,"160,000 km",Manual,second,Diesel," 5,50,000"
Hyundai,Eon,2017,7,"27,000 km",Manual,second,Petrol," 3,00,000"
MG,Hector Plus,2020,4,"81,600 km",Automatic,first,Petrol," 10,21,000"
Hyundai,Creta,2017,7,"54,000 km",Automatic,first,Petrol," 8,11,000"
Mahindra,XUV500,2018,6,"76,000 km",Manual,first,Diesel," 11,25,000"
Mercedes-Benz,GLS,2014,10,"86,000 km",Automatic,first,Diesel," 30,00,000"
Hyundai,i10,2011,13,"65,000 km",Manual,second,Petrol," 1,15,000"
Mercedes-Benz,GLA Class,2018,6,"60,000 km",Automatic,second,Diesel," 14,50,000"
Kia,Carens,2023,1,"24,000 km",Manual,first,Petrol," 12,25,000"
Toyota,Innova,2011,13,"100,231 km",Manual,second,Diesel," 4,29,101"
Maruti Suzuki,Ignis,2023,1,"13,000 km",Manual,second,Petrol," 6,10,000"
Hyundai,Grand i10,2017,7,"47,000 km",Manual,first,Petrol," 5,19,999"
Hyundai,Getz Prime,2007,17,"115,031 km",Manual,second,Petrol," 1,40,000"
Maruti Suzuki,Swift,2014,10,"67,000 km",Manual,first,Petrol," 2,80,000"
Hyundai,Xcent,2016,8,"74,500 km",Manual,first,Diesel," 4,25,000"
Honda,City,2016,8,"93,000 km",Automatic,second,Petrol," 5,75,000"
Maruti Suzuki,Ritz,2015,9,"59,000 km",Manual,first,Petrol," 2,95,000"
Toyota,Innova Crysta,2017,7,79000.0 km,Automatic,second,Diesel," 17,25,000"
Hyundai,Verna,2022,2,"69,000 km",Automatic,first,Diesel," 12,50,000"
Hyundai,Creta,2015,9,"76,000 km",Automatic,second,Diesel," 6,50,000"
Kia,Sonet,2020,4,"34,500 km",Automatic,first,Petrol," 9,35,000"
Ford,Ecosport,2016,8,"130,000 km",Manual,second,Diesel," 4,00,000"
Mercedes-Benz,GLC Coupe,2022,2,"20,000 km",Automatic,first,Diesel," 75,00,000"
Mahindra,Scorpio-N,2023,1,"15,905 km",Automatic,first,Diesel," 23,50,000"
Toyota,Innova Crysta,2021,3,"21,000 km",Manual,first,Diesel," 21,25,000"
Mini,Cooper 3 DOOR,2019,5,"13,000 km",Automatic,first,Petrol," 39,50,000"
Maruti Suzuki,Ertiga,2015,9,"75,000 km",Manual,first,Diesel," 4,35,000"
Volkswagen,Polo,2012,12,"80,000 km",Manual,second,Diesel," 3,00,000"
Maruti Suzuki,Wagon-R,2016,8,"50,000 km",Manual,first,Petrol," 2,45,000"
Tata,Nexon,2022,2,"40,000 km",Automatic,second,Petrol," 6,80,000"
Maruti Suzuki,Ritz,2013,11,"87,000 km",Manual,first,Diesel," 3,85,000"
Toyota,Etios,2015,9,"155,000 km",Manual,second,Diesel," 5,89,000"
Volkswagen,CrossPolo,2014,10,"80,000 km",Manual,second,Diesel," 4,25,000"
Maruti Suzuki,Wagon-R,2014,10,"84,000 km",Manual,second,Petrol," 2,65,000"
Volkswagen,Polo,2021,3,"18,000 km",Automatic,first,Petrol," 8,50,000"
Maruti Suzuki,Baleno,2017,7,"47,000 km",Automatic,first,Petrol," 5,75,000"
Volkswagen,Vento,2011,13,134000.0 km,Manual,first,Diesel," 4,25,000"
Maruti Suzuki,Alto-K10,2011,13,"82,000 km",Manual,first,Petrol," 1,80,000"
Maruti Suzuki,Celerio,2015,9,"35,000 km",Automatic,first,Petrol," 4,25,000"
Renault,Duster,2015,9,"150,000 km",Automatic,second,Diesel," 4,50,000"
Toyota,Fortuner,2012,12,"132,000 km",Manual,first,Diesel," 10,95,000"
Land Rover,Range Rover Evoque,2017,7,"130,000 km",Automatic,second,Petrol," 25,00,000"
Maruti Suzuki,Ertiga,2020,4,"59,000 km",Automatic,first,Petrol," 9,80,000"
Tata,Nexon,2018,6,"95,000 km",Automatic,second,Petrol," 5,75,000"
Tata,Indigo Ecs,2016,8,"115,000 km",Manual,second,Diesel," 1,10,000"
Mahindra,Thar,2022,2,11000.0 km,Manual,first,Diesel," 16,75,000"
Toyota,Camry,2015,9,"68,000 km",Automatic,second,Petrol," 11,85,000"
Skoda,Kushaq,2021,3,"74,000 km",Automatic,first,Petrol," 11,99,000"
Maruti Suzuki,Ritz,2012,12,"88,000 km",Manual,first,Petrol," 3,85,000"
Hyundai,Grand i10,2014,10,"47,000 km",Automatic,second,Petrol," 4,55,000"
Mahindra,Bolero,2015,9,16 km,Manual,first,Diesel," 3,90,000"
Honda,Brio,2012,12,"68,000 km",Manual,first,Petrol," 2,35,000"
Honda,City ZX,2007,17,"115,000 km",Manual,second,Petrol," 2,65,000"
Hyundai,i10,2011,13,"50,000 km",Manual,second,Petrol," 1,50,000"
Honda,WRV,2017,7,"98,000 km",Manual,first,Diesel," 6,00,000"
Land Rover,Discovery Sport,2019,5,"62,000 km",Automatic,first,Diesel," 30,99,000"
Tata,Harrier,2019,5,"67,000 km",Manual,second,Diesel," 8,99,000"
Tata,Zest,2015,9,"69,000 km",Manual,second,Petrol," 3,40,000"
Maruti Suzuki,Eeco,2021,3,"49,000 km",Manual,first,Petrol," 5,40,000"
Maruti Suzuki,Swift-Dzire,2013,11,"162,000 km",Manual,second,Diesel," 3,90,000"
Toyota,Fortuner,2018,6,"86,000 km",Manual,first,Diesel," 24,99,000"
Hyundai,Creta,2023,1,"35,000 km",Automatic,first,Diesel," 20,25,000"
Maruti Suzuki,Wagon-R,2014,10,"38,000 km",Manual,first,Petrol," 3,70,000"
Hyundai,Creta,2020,4,"105,000 km",Manual,first,Diesel," 10,50,000"
Toyota,2.8 Legender 4X2,2022,2,"25,500 km",Automatic,first,Diesel," 41,99,999"
Maruti Suzuki,Swift Dzire,2015,9,67000.0 km,Manual,first,Petrol," 4,50,000"
Volkswagen,VentoTest,2016,8,"78,000 km",Automatic,first,Petrol," 5,55,000"
Toyota,Innova,2006,18,"191,000 km",Manual,first,Diesel," 2,95,000"
Hyundai,Creta,2018,6,"66,000 km",Automatic,second,Petrol," 10,75,000"
Toyota,Innova Crysta,2016,8,"75,000 km",Manual,first,Diesel," 14,80,000"
Maruti Suzuki,Vitara-Brezza,2018,6,"85,600 km",Manual,first,Diesel," 7,50,000"
Maruti Suzuki,Ertiga,2012,12,"155,000 km",Manual,second,Diesel," 6,50,000"
Hyundai,i10,2010,14,"46,000 km",Manual,second,Petrol,"78,000"
Maruti Suzuki,Ciaz,2015,9,"68,000 km",Manual,first,Petrol," 3,30,000"
Ford,Ecosport,2018,6,"73,000 km",Automatic,first,Petrol," 5,90,000"
Honda,City,2011,13,"74,000 km",Automatic,second,Petrol," 3,75,000"
Maruti Suzuki,Swift,2018,6,"65,000 km",Automatic,second,Petrol," 5,90,000"
Audi,A4,2021,3,"50,000 km",Automatic,first,Petrol," 32,50,000"
Honda,City,2014,10,"61,000 km",Automatic,first,Petrol," 6,85,000"
Maruti Suzuki,Swift,2005,19,"98,000 km",Manual,second,Petrol," 1,60,000"
Mahindra,XUV500,2017,7,"76,000 km",Automatic,second,Diesel," 7,60,000"
Mahindra,XUV500,2016,8,"89,100 km",Manual,second,Diesel," 7,60,000"
Volkswagen,Polo,2018,6,"73,961 km",Automatic,second,Petrol," 9,35,000"
Ford,Endeavour,2019,5,"60,000 km",Automatic,first,Diesel," 27,40,000"
Mahindra,Thar,2018,6,"46,850 km",Manual,second,Diesel," 8,80,000"
Mahindra,Thar,2023,1,28000.0 km,Automatic,first,Diesel," 17,85,000"
Mahindra,XUV500,2013,11,"99,000 km",Manual,second,Diesel," 4,70,000"
Maruti Suzuki,Sx4,2009,15,"56,328 km",Manual,first,Petrol," 2,65,000"
Audi,A3,2015,9,"42,000 km",Automatic,second,Diesel," 10,50,000"
Hyundai,Creta,2018,6,127000.0 km,Manual,first,Diesel," 9,95,000"
Mercedes-Benz,C-Class,2013,11,"78,000 km",Automatic,second,Petrol," 7,90,000"
Toyota,Innova Crysta,2022,2,"31,000 km",Automatic,first,Diesel," 27,00,000"
Skoda,Kodiaq,2020,4,"57,000 km",Automatic,first,Diesel," 30,45,000"
Ford,Endeavour,2017,7,"70,000 km",Automatic,second,Diesel," 26,50,000"
Honda,City,2016,8,"93,000 km",Automatic,second,Petrol," 5,75,000"
Hyundai,Eon,2014,10,"41,453 km",Manual,second,Petrol," 2,20,000"
Tata,Altroz,2021,3,"33,000 km",Manual,first,Petrol," 5,45,000"
Maruti Suzuki,Celerio,2018,6,"37,000 km",Automatic,second,Petrol," 4,60,000"
Volkswagen,Polo,2015,9,"65,000 km",Manual,first,Petrol," 3,75,000"
Hyundai,Grand i10 Nios,2022,2,"36,000 km",Automatic,first,Petrol," 6,90,000"
Toyota,Camry,2016,8,"130,000 km",Automatic,second,Petrol," 13,99,999"
Maruti Suzuki,Alto-800,2013,11,"100,000 km",Manual,second,Petrol," 1,60,000"
BMW,X1,2016,8,93000.0 km,Automatic,first,Diesel," 21,00,000"
Hyundai,Creta,2019,5,"48,000 km",Manual,first,Diesel," 10,65,000"
BMW,X5,2016,8,"63,000 km",Automatic,second,Diesel," 22,90,000"
Hyundai,i20,2015,9,85000.0 km,Manual,second,Diesel," 5,60,000"
Skoda,Rapid,2017,7,"70,000 km",Automatic,first,Diesel," 7,50,000"
Hyundai,Verna,2013,11,"59,000 km",Manual,second,Petrol," 4,25,000"
Mahindra,TUV,2015,9,"72,000 km",Automatic,second,Diesel," 3,90,000"
Mercedes-Benz,E-Class,2012,12,"74,000 km",Automatic,second,Diesel," 12,95,000"
Honda,City,2018,6,"78,127 km",Manual,first,Diesel," 7,85,000"
Maruti Suzuki,Ciaz,2020,4,"26,000 km",Manual,first,Petrol," 7,75,000"
Renault,KWID,2017,7,"65,663 km",Automatic,second,Petrol," 3,25,000"
BMW,5 Series,2018,6,"24,000 km",Automatic,first,Petrol," 41,99,000"
Toyota,Fortuner,2015,9,"160,000 km",Automatic,second,Diesel," 12,50,000"
Volkswagen,Polo,2020,4,79000.0 km,Manual,second,Petrol," 7,25,000"
Maruti Suzuki,Baleno,2018,6,"31,000 km",Manual,first,Petrol," 5,49,000"
Hyundai,Creta,2019,5,"55,000 km",Automatic,first,Diesel," 12,99,999"
Maruti Suzuki,Swift Dzire,2015,9,89000.0 km,Manual,second,Diesel," 4,31,000"
Hyundai,Alcazar,2022,2,"37,000 km",Automatic,first,Diesel," 18,20,000"
Maruti Suzuki,Alto K10,2016,8,56000.0 km,Manual,first,Petrol," 2,75,000"
Mercedes-Benz,M-Class,2015,9,"75,000 km",Automatic,first,Diesel," 24,50,000"
Honda,Brio,2014,10,"32,001 km",Manual,second,Petrol," 2,95,000"
Maruti Suzuki,Swift-Dzire,2024,0,"22,000 km",Manual,first,Petrol," 2,60,000"
Hyundai,i20,2010,14,"45,000 km",Manual,second,Petrol," 1,50,000"
Toyota,Fortuner,2021,3,"60,000 km",Automatic,first,Petrol," 32,00,000"
Kia,Seltos,2021,3,"41,000 km",Automatic,first,Petrol," 13,90,000"
Volkswagen,Polo,2015,9,"51,000 km",Manual,second,Petrol," 4,99,999"
Toyota,Glanza,2021,3,"28,000 km",Automatic,second,Petrol," 7,50,000"
BMW,5 Series,2019,5,"38,000 km",Automatic,first,Diesel," 44,50,000"
Skoda,Rapid,2019,5,"64,800 km",Automatic,first,Diesel," 7,99,000"
Jeep,Compass,2022,2,"17,300 km",Automatic,first,Petrol," 19,95,000"
Volkswagen,VentoTest,2013,11,"38,000 km",Manual,first,Petrol," 2,92,000"
Honda,City,2011,13,"95,000 km",Automatic,second,Petrol," 2,80,000"
Honda,Brio,2012,12,"72,000 km",Manual,first,Petrol," 1,65,000"
Maruti Suzuki,Ertiga,2016,8,"135,000 km",Manual,second,Diesel," 8,75,000"
Toyota,Etios,2012,12,"135,000 km",Manual,second,Diesel," 3,95,000"
Volkswagen,VentoTest,2019,5,"160,000 km",Manual,first,Diesel," 6,95,000"
Tata,Harrier,2022,2,"14,000 km",Automatic,first,Diesel," 18,75,000"
Kia,Seltos,2020,4,"50,200 km",Automatic,first,Petrol," 13,00,000"
Maruti Suzuki,Alto-800,2014,10,"47,000 km",Manual,first,Petrol," 2,55,000"
Audi,A3,2015,9,"42,000 km",Automatic,second,Diesel," 10,50,000"
Honda,City,2011,13,"59,600 km",Manual,second,Petrol," 2,10,000"
Maruti Suzuki,Ritz,2010,14,"8,000 km",Automatic,second,Petrol," 1,85,000"
Maruti Suzuki,Wagon-R,2023,1,"30,000 km",Manual,first,Petrol," 6,75,000"
Renault,KWID,2017,7,"54,000 km",Automatic,second,Petrol," 3,65,000"
Maruti Suzuki,Omni,1998,26,"80,000 km",Manual,second,Petrol,"75,000"
Chevrolet,Cruze,2011,13,"100,000 km",Automatic,second,Diesel," 2,95,000"
Mahindra,XUV500,2017,7,"48,000 km",Automatic,first,Diesel," 11,99,999"
Hyundai,Verna,2013,11,"150,000 km",Automatic,second,Diesel," 4,10,000"
Hyundai,Creta,2016,8,"63,000 km",Manual,second,Petrol," 6,50,000"
Toyota,Fortuner,2014,10,"333,000 km",Automatic,second,Diesel," 14,45,000"
Honda,City,2018,6,62000.0 km,Manual,first,Petrol," 6,95,000"
Honda,Amaze,2021,3,"56,001 km",Automatic,first,Diesel," 11,25,000"
Toyota,Innova Crysta,2017,7,"25,000 km",Manual,first,Diesel," 15,65,000"
Honda,Jazz,2015,9,"68,001 km",Manual,second,Petrol," 4,44,000"
Renault,Scala,2013,11,"72,000 km",Manual,first,Diesel," 3,45,000"
BMW,3 Series GT,2019,5,"50,000 km",Automatic,second,Diesel," 26,75,000"
Honda,City,2016,8,"95,000 km",Manual,second,Petrol," 5,35,000"
Maruti Suzuki,S-Presso,2021,3,"39,000 km",Automatic,first,Petrol," 4,65,000"
Mahindra,XUV500,2013,11,"60,000 km",Manual,second,Diesel," 6,95,000"
Hyundai,Tucson,2017,7,"72,315 km",Automatic,second,Diesel," 10,35,000"
Hyundai,Verna,2014,10,"82,000 km",Automatic,second,Petrol," 3,90,000"
Toyota,Camry,2015,9,"68,000 km",Automatic,second,Petrol," 11,85,000"
Maruti Suzuki,Alto,2019,5,"85,000 km",Automatic,second,Petrol," 2,80,000"
Hyundai,Santa Fe,2016,8,"64,000 km",Automatic,first,Diesel," 12,45,000"
Hyundai,Xcent,2016,8,"68,500 km",Manual,second,Petrol," 4,40,000"
Maruti Suzuki,Dzire,2022,2,44000.0 km,Automatic,first,Petrol," 7,80,000"
Maruti Suzuki,Swift,2019,5,59000.0 km,Manual,first,Petrol," 5,40,000"
MG,ASTOR,2022,2,"32,000 km",Automatic,first,Petrol," 12,75,000"
Audi,Q7,2014,10,"45,000 km",Automatic,second,Diesel," 12,00,000"
Volkswagen,VentoTest,2016,8,"130,000 km",Automatic,second,Petrol," 5,25,000"
Mercedes-Benz,GLE COUPE,2021,3,"32,000 km",Automatic,second,Petrol," 1,18,00,000"
Maruti Suzuki,Alto-800,2019,5,,Manual,first,Petrol," 3,00,000"
Toyota,Innova Crysta,2017,7,"112,000 km",Automatic,first,Diesel," 15,51,111"
Mini,Cooper 5 DOOR,2014,10,"32,000 km",Automatic,second,Diesel," 19,00,000"
Renault,KWID,2017,7,78537.0 km,Automatic,first,Petrol," 3,75,000"
Volkswagen,VentoTest,2018,6,"70,673 km",Automatic,first,Diesel," 7,75,000"
Maruti Suzuki,Baleno,2018,6,"39,848 km",Manual,first,Petrol," 4,79,931"
Audi,Q3,2016,8,"77,000 km",Automatic,first,Diesel," 15,00,000"
Maruti Suzuki,Alto,2008,16,"111,400 km",Manual,second,Petrol," 1,50,000"
Toyota,Fortuner,2017,7,"30,000 km",Automatic,second,Diesel," 34,95,000"
Skoda,Rapid,2015,9,"82,000 km",Automatic,second,Diesel," 3,25,000"
Maruti Suzuki,Swift-Dzire,2013,11,"89,000 km",Manual,second,Diesel," 3,61,000"
Toyota,Fortuner,2015,9,"195,000 km",Automatic,first,Diesel," 15,50,000"
Tata,Hexa,2017,7,"65,110 km",Manual,first,Diesel," 6,95,000"
Hyundai,Creta Facelift,2022,2,"25,000 km",Manual,first,Petrol," 13,75,000"
BMW,7 Series,2014,10,"115,000 km",Automatic,first,Diesel," 15,00,000"
Honda,Jazz,2015,9,"64,000 km",Manual,first,Petrol," 5,74,999"
Volkswagen,Polo,2013,11,"61,000 km",Automatic,first,Petrol," 4,15,000"
Hyundai,Grand i10,2014,10,"54,000 km",Automatic,second,Petrol," 4,79,000"
Maruti Suzuki,Ciaz,2020,4,"610,003 km",Manual,first,Petrol," 8,40,000"
Toyota,Innova Crysta,2022,2,"25,000 km",Automatic,first,Diesel," 26,00,000"
Maruti Suzuki,Celerio,2015,9,103000.0 km,Automatic,second,Petrol," 3,60,000"
Mahindra,Thar,2022,2,"14,000 km",Automatic,first,Petrol," 15,50,000"
Tata,Bolt,2015,9,"56,000 km",Manual,first,Petrol," 2,35,000"
BMW,5 Series,2016,8,"47,000 km",Automatic,second,Diesel," 25,00,000"
Jaguar,XF,2013,11,"97,763 km",Automatic,second,Diesel," 15,50,000"
Tata,Tiago,2021,3,"74,000 km",Manual,second,Petrol," 5,15,000"
Honda,Brio,2015,9,50000.0 km,Manual,second,Petrol," 3,85,000"
Toyota,Innova Crysta,2021,3,42000.0 km,Manual,second,Diesel," 25,50,000"
Skoda,Rapid,2014,10,"71,000 km",Automatic,second,Petrol," 3,95,000"
Mahindra,Thar,2020,4,"40,000 km",Manual,first,Diesel," 11,95,000"
BMW,3 Series GT,2015,9,"61,000 km",Automatic,second,Diesel," 15,00,000"
Hyundai,i20,2010,14,"83,000 km",Manual,second,Petrol," 2,35,000"
Toyota,Fortuner,2012,12,"166,000 km",Manual,second,Diesel," 16,50,000"
Tata,Indigo Marina,2004,20,70899.0 km,Manual,second,Petrol,"98,000"
Maruti Suzuki,Ertiga,2019,5,"91,000 km",Manual,first,Diesel," 11,49,000"
Tata,Safari,2022,2,"27,000 km",Manual,first,Diesel," 18,65,000"
Hyundai,Creta,2018,6,"77,620 km",Automatic,first,Diesel," 13,50,000"
Ford,Ecosport,2017,7,"85,000 km",Manual,second,Diesel," 6,49,999"
Tata,Nano Genx,2016,8,58 km,Automatic,second,Petrol," 1,86,000"
Maruti Suzuki,Swift-Dzire,2016,8,25 km,Manual,second,Diesel," 4,20,000"
Maruti Suzuki,Alto-800,2006,18,"20,024 km",Manual,first,Petrol,"20,000"
Hyundai,Grand i10,2014,10,"80,000 km",Manual,second,Petrol," 3,75,556"
Volkswagen,Polo,2019,5,35000.0 km,Automatic,second,Petrol," 11,85,000"
Honda,City Hybrid eHEV,2016,8,"77,000 km",Automatic,first,Petrol," 5,75,000"
Maruti Suzuki,Swift,2018,6,"63,259 km",Automatic,second,Diesel," 5,20,000"
Ford,Ecosport,2017,7,"110,000 km",Manual,first,Diesel," 4,49,999"
Hyundai,i20,2023,1,"14,000 km",Automatic,first,Petrol," 9,25,000"
Volkswagen,Tiguan,2018,6,"52,000 km",Automatic,first,Diesel," 19,15,000"
Mercedes-Benz,G,2011,13,45000.0 km,Automatic,second,Diesel," 75,00,000"
BMW,3 Series,2016,8,"65,000 km",Automatic,second,Diesel," 13,25,000"
Renault,Duster,2016,8,"75,000 km",Automatic,second,Diesel," 5,95,000"
Maruti Suzuki,Swift,2007,17,"135,000 km",Manual,second,Diesel," 1,65,000"
Toyota,Innova,2014,10,"105,000 km",Manual,second,Diesel," 7,80,000"
Land Rover,Range Rover,2016,8,151000.0 km,Automatic,second,Diesel," 28,00,000"
BMW,7 Series,2013,11,"61,000 km",Automatic,second,Diesel," 8,51,000"
Maruti Suzuki,Grand Vitara,2023,1,"21,209 km",Manual,first,Petrol," 12,90,000"
Toyota,Glanza,2020,4,"87,000 km",Manual,first,Petrol," 7,33,000"
Renault,Duster,2016,8,"130,000 km",Manual,second,Diesel," 5,99,000"
Volvo,XC 90,2015,9,"125,000 km",Automatic,second,Diesel," 10,75,000"
Tata,Tiago,2018,6,"30,000 km",Automatic,first,Petrol," 3,55,000"
Audi,A6,2015,9,"78,561 km",Automatic,first,Diesel," 8,98,970"
Honda,City,2016,8,"63,000 km",Manual,second,Petrol," 6,00,000"
Honda,Amaze,2016,8,"65,000 km",Manual,first,Petrol," 4,10,000"
Volkswagen,Polo GTI,2015,9,"102,000 km",Automatic,second,Petrol," 4,50,000"
Maruti Suzuki,Swift,2022,2,"35,000 km",Automatic,first,Petrol," 7,45,000"
Volkswagen,Virtus,2022,2,"50,000 km",Automatic,first,Petrol," 12,99,000"
Maruti Suzuki,A-Star,2013,11,"60,000 km",Automatic,second,Petrol," 2,99,000"
BMW,5 Series,2014,10,"72,000 km",Automatic,second,Diesel," 15,99,000"
Mini,Cooper S,2013,11,"53,000 km",Automatic,second,Petrol," 16,00,000"
Toyota,Etios Liva,2018,6,"74,000 km",Manual,second,Diesel," 8,50,000"
MG,Hector,2023,1,"29,000 km",Automatic,first,Petrol," 22,95,000"
Mercedes-Benz,CLA,2016,8,"20,800 km",Automatic,second,Petrol," 17,00,000"
Hyundai,i20,2017,7,"95,000 km",Manual,second,Petrol," 5,65,000"
Mahindra,Thar,2021,3,"13,000 km",Automatic,first,Diesel," 17,00,000"
Mahindra,XUV700,2023,1,"4,000 km",Manual,first,Petrol," 21,00,000"
Maruti Suzuki,Baleno,2021,3,"57,000 km",Automatic,second,Petrol," 6,85,000"
Mahindra,Alturas G4,2022,2,"25,000 km",Automatic,first,Diesel," 27,25,000"
Mahindra,Scorpio,2017,7,"92,000 km",Manual,first,Diesel," 10,50,000"
MG,ASTOR,2021,3,"12,110 km",Automatic,first,Petrol," 12,95,000"
Hyundai,New i20,2022,2,"13,162 km",Automatic,first,Petrol," 9,75,000"
Toyota,Etios Liva,2017,7,49000.0 km,Manual,first,Petrol," 5,99,000"
Maruti Suzuki,Alto 800,2016,8,68000.0 km,Manual,second,Petrol," 2,65,000"
Audi,A6,2013,11,"110,000 km",Automatic,second,Diesel," 11,50,000"
Hyundai,Elite i20,2017,7,"52,355 km",Manual,first,Petrol," 4,99,555"
Hyundai,i10,2013,11,"40,595 km",Automatic,second,Petrol," 3,10,000"
Mahindra,Thar,2021,3,"41,000 km",Manual,second,Diesel," 14,50,000"
Maruti Suzuki,Omni,2014,10,"77,500 km",Automatic,second,Petrol," 10,10,000"
Maruti Suzuki,Swift-Dzire,2018,6,"55,000 km",Manual,first,Petrol," 5,95,000"
Hyundai,i10,2013,11,"80,000 km",Automatic,second,Petrol," 1,45,000"
Land Rover,Defender,2024,0,"7,000 km",Automatic,first,Petrol," 1,27,00,000"
BMW,5 Series,2016,8,"47,000 km",Automatic,second,Diesel," 25,00,000"
Mercedes-Benz,GLA Class,2016,8,"71,000 km",Automatic,second,Petrol," 19,90,000"
Hyundai,Santro Xing,2007,17,"65,000 km",Manual,second,Petrol," 1,85,000"
Toyota,Innova Crysta,2019,5,"69,000 km",Automatic,first,Diesel," 26,99,000"
Maruti Suzuki,Ertiga,2019,5,"90,000 km",Manual,first,Diesel," 9,00,000"
Fiat,Linea,2009,15,"79,742 km",Manual,second,Petrol," 1,65,000"
Audi,Q3,2017,7,"45,000 km",Automatic,second,Diesel," 16,90,000"
Toyota,Innova Crysta,2022,2,8000.0 km,Automatic,first,Diesel," 33,75,000"
Toyota,Etios,2012,12,"51,000 km",Automatic,second,Petrol," 2,60,000"
BMW,3 Series GT,2019,5,71000.0 km,Automatic,first,Diesel," 25,50,000"
Aston Martin,Vanquish,2016,8,25700.0 km,Automatic,first,Petrol," 2,64,00,000"
Mercedes-Benz,C-Class,2015,9,"58,000 km",Automatic,first,Diesel," 21,49,999"
Toyota,Fortuner,2024,0,"2,596 km",Manual,first,Diesel," 38,99,999"
Mahindra,Thar,2023,1,"24,500 km",Automatic,first,Petrol," 14,10,000"
Honda,City,2021,3,"125,000 km",Manual,first,Diesel," 10,75,000"
Maruti Suzuki,Ciaz,2017,7,79000.0 km,Automatic,second,Petrol," 6,00,000"
Toyota,Innova Crysta,2019,5,"118,000 km",Automatic,second,Diesel," 19,99,000"
BMW,5 Series,2017,7,"75,000 km",Automatic,first,Diesel," 40,00,000"
Mahindra,Bolero,2017,7,"105,000 km",Manual,second,Diesel," 6,20,000"
Maruti Suzuki,maruti-suzuki-brezza,2021,3,"35,000 km",Manual,first,Petrol," 8,51,000"
Audi,A8 L,2017,7,51000.0 km,Automatic,first,Diesel," 35,00,000"
Kia,Seltos,2022,2,"30,891 km",Automatic,first,Diesel," 18,75,000"
Hyundai,Alcazar,2023,1,"2,500 km",Automatic,first,Petrol," 18,00,000"
Maruti Suzuki,Swift,2019,5,"32,000 km",Manual,second,Petrol," 5,75,000"
Mahindra,Thar,2021,3,66000.0 km,Manual,first,Diesel," 14,25,000"
Volvo,V40 Cross Country,2016,8,"75,000 km",Automatic,first,Petrol," 13,75,000"
MG,Hector,2019,5,"71,000 km",Manual,first,Diesel," 12,75,000"
BMW,3 Series GT,2015,9,"61,000 km",Automatic,second,Diesel," 15,00,000"
Audi,A6,2011,13,"51,000 km",Automatic,second,Petrol," 13,50,000"
Maruti Suzuki,Alto-K10,2015,9,"75,000 km",Automatic,second,Petrol," 3,10,000"
Hyundai,Elite i20,2018,6,"39,500 km",Manual,first,Petrol," 5,45,000"
Renault,Captur,2018,6,"120,000 km",Manual,first,Diesel," 8,00,000"
Toyota,Innova,2016,8,,Manual,second,Diesel," 8,60,000"
Volkswagen,Polo,2015,9,"65,000 km",Manual,first,Petrol," 3,75,000"
Volkswagen,Passat,2012,12,"68,900 km",Automatic,second,Diesel," 5,55,000"
Mercedes-Benz,E-Class,2017,7,"68,000 km",Automatic,first,Diesel," 30,90,000"
Ford,Ecosport,2015,9,"80,000 km",Automatic,second,Petrol," 4,65,000"
Maruti Suzuki,Alto-K10,2019,5,"62,000 km",Manual,first,Petrol," 3,60,000"
Hyundai,Venue,2022,2,"55,000 km",Manual,first,Diesel," 12,50,000"
Volkswagen,Polo,2015,9,"60,000 km",Manual,second,Petrol," 4,60,000"
Toyota,Innova Crysta,2017,7,"34,000 km",Manual,first,Diesel," 13,95,000"
Jeep,Compass,2017,7,"49,000 km",Automatic,first,Petrol," 11,51,111"
Hyundai,i20,2016,8,"36,000 km",Manual,second,Petrol," 4,50,000"
Mahindra,KUV 100,2016,8,"85,000 km",Manual,second,Diesel," 3,20,000"
Mahindra,Bolero Neo,2023,1,"35,000 km",Automatic,second,Diesel," 10,50,000"
Honda,Amaze,2015,9,"160,000 km",Manual,second,Diesel," 2,75,000"
Maruti Suzuki,Swift,2010,14,"141,000 km",Manual,second,Diesel," 3,30,000"
Land Rover,Range Rover,2012,12,"23,100 km",Automatic,second,Diesel," 47,95,000"
Hyundai,Verna,2014,10,"100,000 km",Manual,first,Petrol," 9,50,000"
Hyundai,Elantra,2016,8,"88,000 km",Manual,second,Diesel," 8,60,000"
Porsche,Macan,2023,1,5100.0 km,Automatic,first,Petrol," 89,00,000"
Maruti Suzuki,Ciaz,2017,7,"76,000 km",Manual,second,Petrol," 4,80,000"
BMW,X3,2019,5,"50,000 km",Automatic,second,Diesel," 40,00,000"
Mercedes-Benz,M-Class,2014,10,"48,000 km",Automatic,first,Diesel," 17,45,000"
Mahindra,XUV700,2024,0,"16,666 km",Automatic,first,Diesel," 25,99,999"
Skoda,Kushaq,2022,2,"38,917 km",Manual,first,Petrol," 12,25,000"
Maruti Suzuki,Baleno,2016,8,"55,000 km",Automatic,first,Petrol," 6,55,000"
Audi,A3,2015,9,"42,000 km",Automatic,second,Diesel," 10,50,000"
Nissan,Terrano,2015,9,"84,000 km",Manual,second,Diesel," 5,00,000"
Hyundai,Elantra,2014,10,"120,000 km",Automatic,second,Diesel," 5,50,000"
Maruti Suzuki,Ertiga,2022,2,"8,638 km",Manual,first,Petrol," 11,50,000"
Maruti Suzuki,Swift Dzire,2013,11,"62,000 km",Manual,second,Petrol," 3,50,000"
Maruti Suzuki,Swift Dzire,2013,11,62000.0 km,Manual,second,Petrol," 3,50,000"
Honda,Amaze,2014,10,"86,131 km",Manual,second,Diesel," 3,00,000"
Maruti Suzuki,Swift,2021,3,"29,000 km",Automatic,first,Petrol," 7,65,000"
MG,ASTOR,2024,0,260 km,Manual,first,Petrol," 14,95,000"
Hyundai,Verna,2023,1,"15,120 km",Automatic,first,Petrol," 15,50,000"
Tata,Altroz,2021,3,21000.0 km,Manual,second,Petrol," 5,35,000"
MG,Hector Plus,2022,2,"11,000 km",Automatic,first,Petrol," 18,50,000"
Maruti Suzuki,Ciaz,2017,7,"63,000 km",Manual,first,Petrol," 7,50,000"
Skoda,Rapid,2021,3,"41,189 km",Automatic,first,Petrol," 12,25,000"
Mahindra,Scorpio-N,2022,2,"20,000 km",Manual,first,Diesel," 19,45,000"
Mercedes-Benz,C-Class,2011,13,"64,000 km",Automatic,second,Diesel," 9,75,000"
Kia,Seltos,2020,4,"62,500 km",Manual,first,Diesel," 9,45,000"
Toyota,Innova,2012,12,"121,000 km",Manual,first,Diesel," 4,00,000"
Maruti Suzuki,Swift,2018,6,"38,000 km",Manual,second,Petrol," 4,80,000"
Mahindra,Thar,2021,3,"30,000 km",Automatic,first,Diesel," 15,40,000"
Maruti Suzuki,Swift-Dzire-Tour,2010,14,"130,000 km",Manual,second,Diesel," 2,60,000"
Maruti Suzuki,Wagon-R,2021,3,"71,000 km",Manual,first,Petrol," 4,75,000"
Hyundai,Creta,2023,1,"4,800 km",Automatic,second,Diesel," 19,50,000"
Maruti Suzuki,Baleno,2017,7,"59,000 km",Manual,first,Petrol," 5,15,000"
Honda,City,2011,13,"75,875 km",Automatic,second,Petrol," 2,95,000"
Kia,Seltos,2020,4,"109,000 km",Manual,first,Diesel," 9,75,000"
Mercedes-Benz,E-Class,2006,18,"92,000 km",Automatic,second,Diesel," 5,00,000"
Jaguar,XF,2014,10,"41,000 km",Automatic,second,Diesel," 25,25,000"
Maruti Suzuki,XL6,2022,2,"76,000 km",Manual,first,Petrol," 10,00,000"
Mini,Cooper 3 DOOR,2020,4,12000.0 km,Automatic,first,Petrol," 44,50,000"
Hyundai,Verna,2016,8,"81,982 km",Automatic,first,Diesel," 6,95,000"
Mahindra,Xylo,2010,14,51258.0 km,Manual,first,Diesel," 1,99,000"
Mahindra,Scorpio,2017,7,"59,000 km",Manual,first,Diesel," 8,50,000"
Mercedes-Benz,S-Class,2018,6,"39,000 km",Automatic,second,Diesel," 59,50,000"
Maruti Suzuki,Ertiga,2021,3,38000.0 km,Automatic,first,Petrol," 11,55,000"
Maruti Suzuki,Swift,2024,0,"6,000 km",Automatic,first,Petrol," 11,50,000"
BMW,3 Series,2016,8,"53,000 km",Automatic,second,Diesel," 13,99,000"
BMW,3 Series GT,2014,10,"99,000 km",Automatic,second,Diesel," 17,50,000"
Mercedes-Benz,E-Class,2012,12,"73,595 km",Automatic,second,Petrol," 6,99,000"
Hyundai,Grand i10,2018,6,"51,000 km",Manual,first,Petrol," 4,75,000"
Hyundai,Verna,2018,6,"57,546 km",Automatic,first,Petrol," 8,49,999"
Mercedes-Benz,C-Class,2016,8,"96,000 km",Automatic,second,Diesel," 23,00,000"
BMW,6 Series GT,2018,6,"21,000 km",Automatic,second,Petrol," 45,00,000"
Maruti Suzuki,Swift,2018,6,"48,000 km",Automatic,second,Petrol," 5,35,000"
Volkswagen,VentoTest,2011,13,"22,000 km",Manual,first,Petrol," 2,99,999"
Toyota,Fortuner,2021,3,"40,000 km",Automatic,first,Diesel," 41,00,000"
Maruti Suzuki,XL6,2021,3,"22,864 km",Automatic,first,Petrol," 10,95,000"
Maruti Suzuki,Vitara-Brezza,2017,7,"64,000 km",Manual,first,Diesel," 5,85,000"
Hyundai,Grand i10,2013,11,"88,000 km",Manual,first,Diesel," 4,10,000"
Ford,Figo,2011,13,"30,000 km",Manual,second,Petrol," 1,49,000"
Hyundai,Grand i10 Nios,2020,4,"33,145 km",Manual,first,Petrol," 6,00,000"
Skoda,Rapid,2011,13,"60,000 km",Manual,first,Petrol," 2,20,000"
Mercedes-Benz,CLA,2016,8,"20,800 km",Automatic,second,Petrol," 17,00,000"
Jeep,Compass,2017,7,"61,000 km",Manual,second,Diesel," 11,50,000"
Maruti Suzuki,Ertiga,2014,10,"120,000 km",Automatic,second,Diesel," 4,25,000"
Mahindra,XUV500,2016,8,"87,000 km",Manual,first,Diesel," 10,50,000"
Hyundai,Venue,2022,2,"38,000 km",Manual,first,Petrol," 10,40,000"
Jeep,Compass,2017,7,"55,000 km",Automatic,second,Petrol," 10,11,000"
Hyundai,Creta,2019,5,"35,000 km",Manual,first,Diesel," 11,45,000"
Honda,City,2011,13,"82,000 km",Automatic,second,Petrol," 2,99,000"
Toyota,Innova Crysta,2019,5,"65,000 km",Automatic,first,Diesel," 14,00,000"
Renault,Duster,2015,9,"90,000 km",Manual,first,Diesel," 5,75,000"
Mercedes-Benz,E-Class,2020,4,"49,000 km",Automatic,first,Petrol," 48,00,000"
Mercedes-Benz,S-Class,2019,5,29000.0 km,Automatic,second,Diesel," 95,00,000"
Honda,City,2023,1,"9,500 km",Automatic,first,Petrol," 14,75,000"
Renault,Duster,2013,11,"86,250 km",Manual,first,Diesel," 2,90,000"
Honda,City ZX,2024,0,,Automatic,first,Petrol," 15,50,000"
Toyota,Innova Crysta,2016,8,"190,000 km",Manual,first,Diesel," 16,50,000"
Volkswagen,Ameo,2017,7,"80,000 km",Manual,first,Diesel," 4,75,000"
Hyundai,Creta,2021,3,"96,000 km",Automatic,first,Diesel," 17,00,000"
BMW,7 Series,2016,8,"40,000 km",Automatic,first,Diesel," 21,50,000"
Maruti Suzuki,XL6,2019,5,"65,000 km",Manual,first,Petrol," 9,25,000"
Maruti Suzuki,Swift,2010,14,"29,000 km",Manual,first,Petrol," 1,50,000"
Hyundai,i10,2013,11,"40,000 km",Automatic,second,Petrol," 2,00,000"
Mahindra,Scorpio,2010,14,"65,000 km",Manual,second,Diesel," 2,90,000"
Maruti Suzuki,Celerio,2018,6,"38,000 km",Automatic,second,Petrol," 3,80,000"
Maruti Suzuki,Wagon-R,2015,9,"66,000 km",Automatic,second,Petrol," 2,60,000"
Maruti Suzuki,Ciaz,2019,5,"29,000 km",Manual,first,Petrol," 8,50,000"
Toyota,Fortuner,2016,8,"90,000 km",Manual,second,Diesel," 15,45,000"
Toyota,Innova Hycross,2023,1,"14,100 km",Automatic,first,Petrol," 28,44,000"
Hyundai,Creta,2015,9,"88,000 km",Manual,second,Diesel," 7,50,000"
Maruti Suzuki,Swift Dzire,2016,8,"49,000 km",Automatic,second,Petrol," 5,99,000"
Maruti Suzuki,Celerio,2016,8,"36,000 km",Automatic,first,Petrol," 3,99,999"
Honda,Jazz,2011,13,"61,000 km",Manual,second,Petrol," 2,25,000"
Hyundai,Grand i10,2018,6,"62,000 km",Manual,second,Petrol," 3,75,000"
Hyundai,Creta,2022,2,19000.0 km,Automatic,first,Diesel," 22,90,000"
Jaguar,XF,2013,11,"97,763 km",Automatic,second,Diesel," 15,50,000"
Mercedes-Benz,CLA,2019,5,"28,370 km",Automatic,first,Diesel," 19,99,999"
Ford,Endeavour,2016,8,"86,000 km",Automatic,first,Diesel," 18,25,000"
Hyundai,i10,2011,13,"68,000 km",Manual,second,Petrol," 2,30,000"
BMW,3 Series GT,2015,9,"61,000 km",Automatic,second,Diesel," 15,00,000"
Ford,Ecosport,2019,5,"54,000 km",Manual,first,Diesel," 8,10,000"
Hyundai,i20,2010,14,"72,000 km",Automatic,second,Petrol," 2,75,000"
Renault,Triber,2020,4,"59,000 km",Manual,first,Petrol," 6,75,000"
Hyundai,Santro Xing,2009,15,69000.0 km,Manual,second,Petrol," 1,60,000"
Skoda,Rapid,2015,9,"59,000 km",Automatic,second,Petrol," 5,50,000"
Hyundai,Santa Fe,2016,8,"64,200 km",Automatic,first,Diesel," 11,75,000"
Audi,A4,2015,9,"53,000 km",Automatic,second,Diesel," 17,50,000"
Hyundai,Santro Xing,2010,14,,Automatic,second,Petrol," 1,20,000"
Audi,A6,2016,8,"40,000 km",Automatic,first,Diesel," 15,95,000"
Maruti Suzuki,Eeco,2011,13,"53,750 km",Manual,first,Petrol," 1,55,000"
Kia,Seltos,2022,2,"15,000 km",Automatic,first,Petrol," 18,00,000"
Maruti Suzuki,Wagon-R,2011,13,"75,000 km",Manual,second,Petrol," 2,45,000"
Maruti Suzuki,Omni,2010,14,"88,000 km",Manual,second,Petrol,"95,000"
Audi,Q5,2018,6,"110,000 km",Automatic,first,Diesel," 22,99,000"
BMW,5 Series,2013,11,"76,064 km",Automatic,second,Diesel," 14,25,000"
BMW,5 Series,2018,6,"41,000 km",Automatic,second,Diesel," 29,90,000"
Mahindra,XUV700,2022,2,"6,789 km",Automatic,first,Diesel," 20,00,000"
Toyota,2.8 Legender 4X2,2021,3,"63,000 km",Automatic,first,Diesel," 42,50,000"
Hyundai,Creta,2018,6,84000.0 km,Manual,second,Diesel," 10,75,000"
Hyundai,Grand i10,2017,7,"50,523 km",Manual,second,Petrol," 3,70,000"
Mercedes-Benz,E-Class,2014,10,"74,000 km",Automatic,first,Diesel," 13,84,999"
Volkswagen,Tiguan,2018,6,"52,000 km",Automatic,first,Diesel," 19,15,000"
Mercedes-Benz,E-Class,2022,2,"25,000 km",Automatic,first,Diesel," 65,00,000"
Toyota,Glanza,2020,4,"38,000 km",Automatic,first,Petrol," 5,74,000"
Maruti Suzuki,Alto,2011,13,"55,000 km",Manual,second,Petrol," 1,15,000"
Toyota,Innova Crysta,2024,0,"6,110 km",Manual,first,Diesel," 27,85,000"
Toyota,Innova,2014,10,"130,000 km",Manual,first,Diesel," 13,60,000"
Toyota,Camry,2014,10,"108,000 km",Automatic,first,Petrol," 14,00,000"
Honda,City,2018,6,"58,000 km",Manual,first,Petrol," 5,74,000"
Audi,A3,2015,9,"42,000 km",Automatic,second,Diesel," 10,50,000"
Mahindra,Thar,2020,4,"40,000 km",Manual,first,Diesel," 11,95,000"
Maruti Suzuki,Swift,2021,3,41000.0 km,Manual,first,Petrol," 6,79,000"
Tata,Nexon,2020,4,"49,000 km",Manual,first,Diesel," 4,50,000"
Force,Motors FM Gurkha,2023,1,"9,900 km",Manual,first,Diesel," 15,50,000"
Renault,KWID,2017,7,"67,000 km",Manual,second,Petrol," 2,50,000"
Maruti Suzuki,Swift,2023,1,"11,000 km",Automatic,first,Petrol," 7,25,000"
Volkswagen,Polo,2020,4,"35,000 km",Automatic,first,Petrol," 11,70,000"
Honda,City,2017,7,"28,000 km",Automatic,first,Petrol," 6,85,000"
Maruti Suzuki,Celerio,2017,7,"142,000 km",Automatic,first,Petrol," 3,45,000"
Mahindra,Jeep,1994,30,0 km,Manual,second,Diesel," 2,75,000"
Hyundai,i20,2014,10,"62,000 km",Manual,first,Petrol," 4,21,000"
Renault,KWID,2019,5,"18,000 km",Manual,first,Petrol," 3,25,000"
Maruti Suzuki,Swift Dzire,2015,9,72000.0 km,Manual,first,Diesel," 4,50,000"
Hyundai,i20,2019,5,"48,000 km",Manual,first,Petrol," 5,25,000"
Maruti Suzuki,Alto-K10,2017,7,"65,000 km",Automatic,first,Petrol," 3,00,000"
Toyota,Innova,2014,10,"130,000 km",Manual,first,Diesel," 13,60,000"
Audi,Q5,2014,10,"57,000 km",Automatic,first,Diesel," 12,85,000"
Maruti Suzuki,Ciaz,2019,5,"73,000 km",Automatic,second,Petrol," 6,95,000"
Jaguar,XF,2014,10,"78,000 km",Automatic,first,Diesel," 9,95,000"
BMW,5 Series,2010,14,"130,000 km",Automatic,second,Petrol," 2,80,000"
Hyundai,i20,2012,12,"74,000 km",Manual,second,Petrol," 2,50,000"
Porsche,718,2018,6,"15,000 km",Automatic,second,Petrol," 80,00,000"
Maruti Suzuki,Alto-K10,2015,9,"18,000 km",Automatic,second,Petrol," 3,50,000"
Honda,City,2013,11,"85,000 km",Automatic,second,Petrol," 4,00,000"
Maruti Suzuki,Celerio,2017,7,"67,000 km",Automatic,second,Petrol," 4,50,000"
Maruti Suzuki,Alto-800,2023,1,"9,000 km",Manual,first,Petrol," 4,90,000"
Mahindra,Scorpio,2015,9,"76,000 km",Manual,second,Diesel," 8,50,000"
Maruti Suzuki,Swift,2019,5,"7,000 km",Automatic,second,Petrol," 6,50,000"
Maruti Suzuki,Grand Vitara,2024,0,"1,600 km",Manual,first,Petrol," 13,50,000"
Hyundai,Elantra,2012,12,"71,000 km",Automatic,second,Petrol," 4,45,000"
Maruti Suzuki,Grand Vitara,2024,0,"1,600 km",Manual,first,Petrol," 13,50,000"
Honda,WRV,2017,7,"50,000 km",Manual,second,Diesel," 7,25,000"
Maruti Suzuki,Swift,2018,6,"42,175 km",Automatic,first,Petrol," 4,29,000"
Toyota,Etios,2012,12,"115,000 km",Manual,second,Diesel," 3,25,000"
Audi,Q7,2014,10,"45,000 km",Automatic,second,Diesel," 12,00,000"
Honda,Jazz,2016,8,46000.0 km,Automatic,second,Petrol," 4,50,000"
Fiat,Punto,2012,12,"160,000 km",Manual,first,Diesel," 2,60,000"
Maruti Suzuki,Ciaz,2015,9,"110,000 km",Manual,second,Diesel," 5,30,000"
Ford,Endeavour,2021,3,"23,000 km",Automatic,second,Diesel," 31,50,000"
Hyundai,i20,2012,12,"79,000 km",Manual,first,Diesel," 2,20,000"
Hyundai,Creta,2016,8,"72,000 km",Automatic,first,Diesel," 6,85,000"
Toyota,Corolla Altis,2016,8,"61,000 km",Automatic,second,Petrol," 8,45,000"
Kia,Seltos,2023,1,"27,000 km",Automatic,first,Diesel," 17,75,000"
Toyota,Innova,2015,9,"98,525 km",Manual,second,Diesel," 6,95,000"
Maruti Suzuki,Alto-K10,2011,13,"59,000 km",Manual,first,Petrol," 2,60,000"
Volkswagen,Ameo,2017,7,"99,000 km",Manual,first,Diesel," 6,49,000"
Mitsubishi,Pajero Sport,2017,7,"68,000 km",Manual,second,Diesel," 11,95,000"
Skoda,Kushaq,2022,2,"10,000 km",Automatic,first,Petrol," 13,61,000"
Toyota,Innova,2006,18,"190,000 km",Manual,second,Diesel," 4,10,000"
Hyundai,Eon,2013,11,"80,000 km",Manual,second,Petrol," 1,95,000"
Tata,Manza,2013,11,"100,000 km",Manual,second,Diesel," 1,50,000"
Maruti Suzuki,Wagon-R,2014,10,"78,000 km",Manual,second,Petrol," 1,75,000"
Ford,Figo,2013,11,"46,200 km",Manual,first,Petrol," 1,59,000"
Maruti Suzuki,Swift-Dzire,2017,7,"81,000 km",Automatic,first,Diesel," 6,50,000"
Maruti Suzuki,Vitara-Brezza,2018,6,"30,000 km",Manual,first,Diesel," 9,65,000"
Maruti Suzuki,Swift Dzire,2019,5,100000.0 km,Manual,second,Diesel," 7,50,000"
Mini,Cooper Convertible,2012,12,"28,000 km",Automatic,second,Petrol," 19,90,000"
Mahindra,XUV500,2018,6,88000.0 km,Automatic,second,Diesel," 8,90,000"
Hyundai,Verna,2023,1,"12,700 km",Manual,first,Petrol," 15,75,000"
Mercedes-Benz,C-Class,2021,3,"14,000 km",Automatic,first,Diesel," 52,50,000"
Hyundai,Verna,2012,12,"123,500 km",Manual,second,Petrol," 2,85,000"
Toyota,Corolla Altis,2011,13,"99,000 km",Manual,second,Diesel," 3,25,000"
Honda,Amaze,2020,4,"41,000 km",Manual,second,Petrol," 5,75,000"
Maruti Suzuki,Vitara-Brezza,2019,5,"47,000 km",Manual,first,Diesel," 8,75,000"
Hyundai,Verna,2020,4,"86,000 km",Automatic,first,Diesel," 8,99,000"
Mahindra,Scorpio Classic,2024,0,"33,000 km",Manual,first,Diesel," 18,50,000"
BMW,X5,2021,3,"74,000 km",Automatic,first,Diesel," 66,50,000"
Maruti Suzuki,Swift,2018,6,"45,000 km",Manual,second,Petrol," 5,10,000"
Tata,Hexa,2017,7,"135,000 km",Manual,second,Diesel," 7,75,000"
Mahindra,XUV500,2012,12,"168,000 km",Manual,second,Diesel," 5,00,000"
Mahindra,XUV500,2017,7,"129,124 km",Manual,first,Diesel," 10,95,000"
Maruti Suzuki,Swift-Dzire,2017,7,"92,000 km",Automatic,first,Diesel," 6,45,000"
Hyundai,Creta,2020,4,"42,000 km",Manual,second,Diesel," 12,25,000"
Maruti Suzuki,Baleno,2019,5,"53,000 km",Manual,second,Petrol," 6,35,000"
Audi,A6,2015,9,"89,000 km",Automatic,first,Diesel," 8,90,000"
Maruti Suzuki,Alto-800,2018,6,"108,000 km",Manual,first,Petrol," 3,20,000"
Volkswagen,Polo,2021,3,25000.0 km,Automatic,first,Petrol," 12,45,000"
Audi,A4,2013,11,"102,000 km",Automatic,second,Diesel," 10,20,000"
Maruti Suzuki,Swift,2011,13,"75,000 km",Automatic,second,Petrol," 3,50,000"
Audi,A3,2016,8,"99,000 km",Automatic,second,Diesel," 9,49,000"
Renault,KWID,2019,5,"18,000 km",Manual,first,Petrol," 3,24,000"
Honda,CRV,2010,14,"70,343 km",Automatic,second,Petrol," 6,50,000"
Mahindra,Scorpio,2017,7,"90,000 km",Automatic,second,Diesel," 11,00,000"
Maruti Suzuki,Swift-Dzire,2019,5,"146,000 km",Manual,second,Diesel," 6,90,000"
Renault,KWID,2018,6,"37,000 km",Automatic,second,Petrol," 3,25,000"
Honda,WRV,2018,6,"103,000 km",Manual,first,Diesel," 7,80,000"
Lexus,ES,2022,2,"17,000 km",Automatic,first,Petrol," 56,00,000"
Tata,Indigo Ecs,2014,10,"80,000 km",Manual,second,Diesel," 1,20,000"
Hyundai,Venue,2019,5,"80,000 km",Manual,second,Diesel," 8,25,000"
Ford,Figo,2012,12,"104,000 km",Manual,second,Diesel," 2,34,000"
Ford,Ecosport,2016,8,"95,000 km",Manual,first,Diesel," 7,50,000"
Ford,Endeavour,2020,4,"83,700 km",Automatic,first,Diesel," 29,51,000"
Maruti Suzuki,Sx4,2014,10,"106,000 km",Manual,second,Petrol," 2,75,000"
Audi,A3,2015,9,"64,000 km",Automatic,second,Diesel," 8,50,000"
Mercedes-Benz,GL-Class,2014,10,"77,600 km",Automatic,second,Diesel," 27,99,999"
Maruti Suzuki,Alto,2011,13,"78,965 km",Manual,first,Petrol," 1,35,000"
Tata,Tigor,2018,6,"800,000 km",Manual,second,Petrol," 4,85,000"
Toyota,Fortuner,2017,7,"145,000 km",Manual,second,Diesel," 28,00,000"
Hyundai,Elite i20,2017,7,"30,300 km",Manual,first,Petrol," 5,50,000"
Maruti Suzuki,Ertiga,2018,6,"74,000 km",Manual,first,Diesel," 7,85,000"
Toyota,Innova Crysta,2020,4,66000.0 km,Automatic,first,Diesel," 19,60,000"
Maruti Suzuki,Baleno,2019,5,"38,032 km",Automatic,second,Petrol," 6,90,000"
Honda,Jazz,2015,9,"69,000 km",Automatic,second,Petrol," 5,00,000"
Mahindra,XUV500,2019,5,"85,000 km",Manual,first,Diesel," 10,50,000"
Tata,Manza,2010,14,"78,960 km",Manual,first,Petrol,"95,000"
BMW,X5,2017,7,"92,000 km",Automatic,second,Diesel," 29,99,999"
Audi,Q7,2014,10,"45,000 km",Automatic,second,Diesel," 12,00,000"
Maruti Suzuki,Wagon-R,2015,9,"55,049 km",Manual,first,Petrol," 3,17,000"
Audi,A6,2018,6,"35,000 km",Automatic,first,Diesel," 33,50,000"
Toyota,Etios,2012,12,,Manual,second,Diesel," 3,30,000"
BMW,X7,2020,4,"32,000 km",Automatic,first,Diesel," 98,00,000"
Audi,A4,2016,8,"135,000 km",Automatic,first,Diesel," 16,51,000"
MG,Hector,2019,5,"17,000 km",Automatic,first,Petrol," 13,90,000"
Honda,City,2017,7,"69,000 km",Manual,second,Petrol," 6,10,000"
Mercedes-Benz,E-Class,2019,5,"32,000 km",Automatic,first,Diesel," 49,80,000"
Maruti Suzuki,Vitara-Brezza,2017,7,"62,000 km",Manual,first,Diesel," 7,50,000"
Skoda,Octavia,2014,10,"116,000 km",Automatic,second,Petrol," 7,40,000"
Ford,Ecosport,2015,9,"55,000 km",Automatic,second,Petrol," 4,49,000"
Toyota,Fortuner,2017,7,"69,000 km",Automatic,second,Diesel," 20,99,000"
Volkswagen,Vento,2016,8,"110,000 km",Automatic,second,Diesel," 6,49,999"
Honda,City,2014,10,"75,000 km",Automatic,first,Petrol," 5,25,000"
Honda,Amaze,2015,9,"38,000 km",Manual,first,Petrol," 4,50,000"
Mercedes-Benz,M-Class,2013,11,"83,000 km",Automatic,second,Diesel," 16,29,000"
Volkswagen,Polo,2019,5,"68,000 km",Manual,first,Petrol," 5,75,000"
BMW,X5,2019,5,"25,000 km",Automatic,second,Diesel," 39,75,000"
Maruti Suzuki,Ertiga,2019,5,"15,000 km",Automatic,second,Petrol," 10,55,000"
Hyundai,i20,2023,1,"11,800 km",Automatic,second,Petrol," 9,50,000"
Maruti Suzuki,Wagon-R,2009,15,"85,000 km",Manual,second,Petrol," 1,55,000"
Mahindra,TUV,2016,8,"87,000 km",Automatic,first,Diesel," 7,50,000"
Land Rover,Range Rover Evoque,2012,12,"89,000 km",Manual,second,Diesel," 16,00,000"
Honda,Jazz,2012,12,"70,000 km",Manual,second,Petrol," 2,65,000"
Maruti Suzuki,Swift,2011,13,"45,000 km",Manual,second,Petrol," 1,95,000"
Maruti Suzuki,Wagon-R,2015,9,"38,482 km",Manual,first,Petrol," 3,10,000"
Hyundai,Creta,2016,8,"68,000 km",Automatic,second,Diesel," 10,50,000"
Maruti Suzuki,Wagon R,2016,8,65000.0 km,Automatic,second,Petrol," 4,60,000"
Renault,Duster,2015,9,"760,045 km",Manual,first,Diesel," 1,55,000"
Volkswagen,VentoTest,2015,9,"74,000 km",Automatic,first,Diesel," 5,45,000"
Maruti Suzuki,Ciaz,2016,8,"83,214 km",Manual,second,Diesel," 3,90,000"
Toyota,Innova Crysta,2017,7,"158,000 km",Manual,first,Diesel," 15,75,000"
Maruti Suzuki,S-Cross,2017,7,"108,000 km",Manual,first,Diesel," 7,75,000"
Maruti Suzuki,Alto-800,2015,9,"91,000 km",Manual,second,Petrol," 2,05,000"
Maruti Suzuki,Wagon-R,2010,14,"65,000 km",Manual,first,Petrol," 2,25,000"
Toyota,Fortuner,2021,3,"77,000 km",Automatic,first,Diesel," 38,90,000"
Maruti Suzuki,Swift,2016,8,"80,000 km",Manual,second,Diesel," 5,45,000"
Mercedes-Benz,E-Class,2014,10,"87,000 km",Automatic,second,Diesel," 15,45,000"
Toyota,Innova Crysta,2018,6,87000.0 km,Manual,second,Diesel," 22,90,000"
Maruti Suzuki,Gypsy,2005,19,"10,000 km",Automatic,second,Diesel," 3,90,000"
Honda,City,2014,10,"68,700 km",Manual,second,Petrol," 5,25,000"
Toyota,Innova,2015,9,"220,000 km",Manual,second,Diesel," 9,90,000"
Hyundai,i10,2012,12,"53,000 km",Automatic,second,Petrol," 2,85,000"
Volkswagen,Polo,2014,10,"41,500 km",Manual,second,Petrol," 3,60,000"
Toyota,Fortuner,2015,9,"125,000 km",Automatic,first,Diesel," 15,98,000"
Tata,Harrier,2021,3,"50,000 km",Automatic,first,Diesel," 16,99,000"
Hyundai,Creta Facelift,2021,3,"67,777 km",Automatic,first,Petrol," 13,33,333"
Mahindra,Renault Logan,2007,17,"170,000 km",Manual,second,Diesel," 1,48,000"
BMW,5 Series,2011,13,85000.0 km,Automatic,first,Diesel," 9,20,000"
Hyundai,i10,2013,11,"69,000 km",Manual,first,Petrol," 1,99,000"
Honda,City,2015,9,"72,500 km",Automatic,second,Petrol," 4,50,000"
Porsche,Boxster,2019,5,14000.0 km,Automatic,first,Petrol," 1,09,00,000"
Tata,Indigo Cs,2009,15,"155,888 km",Manual,second,Diesel," 1,20,000"
Hyundai,Eon,2014,10,"60,000 km",Manual,second,Petrol," 1,98,000"
Hyundai,Eon,2017,7,"63,000 km",Manual,second,Petrol," 2,40,000"
Hyundai,Venue,2022,2,"13,000 km",Manual,first,Petrol," 8,25,000"
Maruti Suzuki,Celerio,2014,10,"32,117 km",Automatic,first,Petrol," 3,95,000"
Land Rover,Discovery Sport,2018,6,"62,000 km",Automatic,first,Diesel," 33,00,000"
Maruti Suzuki,Ertiga,2015,9,"70,000 km",Manual,first,Diesel," 9,00,000"
Ford,Ecosport,2016,8,"91,000 km",Automatic,first,Petrol," 6,75,000"
Ford,Endeavour,2017,7,"75,000 km",Automatic,second,Diesel," 19,00,000"
Maruti Suzuki,Baleno,2017,7,"47,231 km",Manual,first,Petrol," 5,35,101"
Maruti Suzuki,Eeco,2019,5,"38,000 km",Manual,first,Petrol," 4,10,000"
Hyundai,Eon,2015,9,"68,000 km",Manual,second,Petrol," 2,25,000"
Volvo,XC40,2018,6,"54,000 km",Automatic,first,Diesel," 22,90,000"
Hyundai,Alcazar,2022,2,"24,000 km",Automatic,first,Diesel," 18,75,000"
Mahindra,Thar,2019,5,"68,000 km",Manual,first,Diesel," 8,75,000"
Renault,Lodgy,2015,9,"58,000 km",Manual,first,Diesel," 5,00,000"
Honda,City ZX,2005,19,"65,460 km",Manual,second,Petrol," 1,50,000"
Toyota,Innova Crysta,2017,7,"71,000 km",Automatic,second,Diesel," 17,25,000"
Hyundai,Grand i10 Nios,2020,4,"51,500 km",Automatic,second,Petrol," 4,99,999"
Renault,Duster,2017,7,"105,000 km",Manual,first,Diesel," 6,45,000"
Toyota,Innova,2011,13,"250,000 km",Manual,second,Diesel," 7,99,999"
Skoda,Octavia,2008,16,"140,000 km",Manual,second,Diesel," 2,60,000"
Tata,Indigo Cs,2010,14,"90,000 km",Manual,first,Diesel," 1,20,000"
Toyota,Innova,2012,12,25000.0 km,Manual,second,Diesel," 7,75,000"
Mahindra,XUV500,2016,8,"85,000 km",Manual,second,Diesel," 5,00,000"
Mahindra,Scorpio,2013,11,100000.0 km,Manual,second,Diesel," 5,50,000"
Land Rover,Discovery Sport,2020,4,"53,500 km",Automatic,second,Diesel," 55,75,000"
Renault,KWID,2018,6,"67,000 km",Manual,second,Petrol," 2,99,000"
Mahindra,TUV,2016,8,"56,000 km",Automatic,second,Diesel," 6,95,000"
Honda,Amaze,2017,7,50000.0 km,Manual,second,Petrol," 4,60,000"
Maruti Suzuki,Sx4,2007,17,"82,038 km",Manual,second,Petrol," 1,50,000"
Mercedes-Benz,E-Class,2021,3,"27,000 km",Automatic,first,Diesel," 62,50,000"
Hyundai,Creta,2023,1,"10,110 km",Manual,first,Petrol," 10,95,000"
BMW,7 Series,2012,12,"90,000 km",Automatic,first,Diesel," 18,50,000"
Renault,KWID,2017,7,"90,000 km",Automatic,first,Petrol," 2,90,000"
Maruti Suzuki,XL6,2020,4,"70,000 km",Manual,first,Petrol," 11,00,000"
Volkswagen,VentoTest,2011,13,"66,000 km",Automatic,first,Petrol," 2,99,000"
Maruti Suzuki,Ignis,2022,2,"21,260 km",Manual,first,Petrol," 5,35,000"
Honda,City,2013,11,"28,500 km",Automatic,second,Petrol," 5,60,000"
Maruti Suzuki,Alto-K10,2019,5,"80,000 km",Automatic,second,Petrol," 2,80,000"
Maruti Suzuki,Ciaz,2019,5,38000.0 km,Manual,first,Petrol," 6,30,000"
Maruti Suzuki,Ritz,2012,12,"90,000 km",Manual,first,Diesel," 3,25,000"
Mercedes-Benz,C-Class,2018,6,"51,000 km",Automatic,second,Diesel," 28,50,000"
Mahindra,Scorpio,2008,16,145000.0 km,Manual,second,Diesel," 4,45,000"
Jeep,Compass,2019,5,"73,000 km",Manual,first,Diesel," 11,75,000"
Skoda,Octavia,2017,7,"82,500 km",Automatic,second,Petrol," 6,95,000"
Mahindra,Bolero,2018,6,"140,000 km",Manual,first,Diesel," 6,30,000"
Hyundai,Creta,2017,7,"120,000 km",Automatic,first,Diesel," 9,75,000"
Tata,Nano,2015,9,"47,000 km",Automatic,second,Petrol," 2,65,000"
Kia,Seltos,2020,4,"42,000 km",Manual,first,Petrol," 10,80,000"
Hyundai,i20,2017,7,"78,000 km",Manual,second,Diesel," 6,89,000"
Maruti Suzuki,Celerio,2018,6,"72,000 km",Automatic,first,Petrol," 4,00,000"
Ford,Ecosport,2014,10,"102,000 km",Manual,second,Diesel," 2,25,000"
BMW,3 Series GT,2019,5,"50,000 km",Automatic,second,Diesel," 26,75,000"
Volvo,S90,2020,4,"63,333 km",Automatic,second,Diesel," 34,44,444"
Hyundai,i20,2013,11,"68,000 km",Manual,second,Petrol," 3,79,000"
Volvo,XC60,2016,8,"65,000 km",Automatic,second,Diesel," 15,75,000"
BMW,Z4,2016,8,"5,300 km",Automatic,first,Petrol," 65,00,000"
Toyota,Innova Crysta,2022,2,"61,000 km",Manual,first,Diesel," 24,50,000"
Honda,Civic,2019,5,"20,000 km",Automatic,second,Petrol," 17,73,000"
Toyota,Urban Cruiser,2022,2,"18,000 km",Automatic,first,Petrol," 8,65,000"
Toyota,Fortuner,2023,1,"35,000 km",Manual,first,Diesel," 40,00,000"
Maruti Suzuki,maruti-suzuki-dzire,2015,9,"35,000 km",Manual,first,Diesel," 4,75,000"
Hyundai,Xcent,2017,7,"82,000 km",Manual,first,Petrol," 6,49,999"
Toyota,Glanza,2020,4,"79,000 km",Automatic,first,Petrol," 6,50,000"
Maruti Suzuki,Eeco,2013,11,"72,000 km",Manual,first,Petrol," 2,90,000"
Toyota,Fortuner,2017,7,"115,000 km",Automatic,second,Diesel," 23,90,000"
Maruti Suzuki,Wagon-R,2007,17,"121,000 km",Manual,second,Petrol," 1,25,000"
Hyundai,Alcazar,2022,2,23950.0 km,Automatic,first,Diesel," 20,75,000"
Hyundai,Elite i20,2016,8,"90,000 km",Manual,first,Petrol," 4,25,000"
Hyundai,Creta,2016,8,"58,000 km",Automatic,second,Petrol," 7,45,000"
Maruti Suzuki,Brezza,2024,0,"20,000 km",Manual,first,Petrol," 11,00,000"
Toyota,Innova Crysta,2017,7,109000.0 km,Automatic,first,Diesel," 17,00,000"
Land Rover,Defender,2024,0,"9,600 km",Automatic,first,Diesel," 1,20,00,000"
Renault,KWID,2022,2,"36,000 km",Automatic,first,Petrol," 4,85,000"
Maruti Suzuki,Swift,2015,9,"57,000 km",Manual,first,Petrol," 4,30,000"
Hyundai,i20,2021,3,"53,000 km",Manual,first,Diesel," 7,85,000"
Toyota,Innova Crysta,2019,5,"125,000 km",Automatic,second,Diesel," 16,85,000"
Tata,Punch,2022,2,19100.0 km,Manual,first,Petrol," 6,51,000"
Hyundai,i20,2019,5,"26,000 km",Automatic,second,Petrol," 5,50,000"
Maruti Suzuki,XL6,2021,3,62035.0 km,Automatic,first,Petrol," 10,95,000"
Tata,Nano,2009,15,"13,000 km",Manual,second,Petrol,"60,000"
Hyundai,i20,2011,13,"131,000 km",Manual,second,Diesel," 33,00,000"
Hyundai,Creta,2015,9,"155,000 km",Manual,first,Diesel," 8,00,000"
Maruti Suzuki,Alto,2010,14,"101,325 km",Manual,second,Petrol," 1,40,000"
Maruti Suzuki,Swift-Dzire,2018,6,"71,000 km",Manual,second,Diesel," 5,85,000"
Volkswagen,VentoTest,2015,9,"59,312 km",Manual,second,Petrol," 3,45,000"
Hyundai,i10,2014,10,"72,000 km",Manual,second,Diesel," 4,55,000"
Hyundai,Elite i20,2020,4,"38,000 km",Manual,first,Petrol," 5,95,000"
Mahindra,Scorpio,2022,2,"49,000 km",Manual,first,Diesel," 15,99,000"
Hyundai,Verna,2019,5,"110,000 km",Automatic,first,Diesel," 8,90,000"
Honda,WRV,2017,7,"44,000 km",Manual,first,Petrol," 6,51,000"
Mercedes-Benz,E-Class,2018,6,"55,000 km",Automatic,second,Petrol," 40,50,000"
Mercedes-Benz,E-Class,2014,10,"78,000 km",Automatic,second,Petrol," 12,50,000"
Mahindra,Scorpio,2016,8,"44,000 km",Manual,second,Diesel," 8,50,000"
Maruti Suzuki,S-Cross,2022,2,"54,252 km",Automatic,first,Petrol," 8,50,000"
Hyundai,Elite i20,2014,10,55000.0 km,Manual,second,Diesel," 4,81,000"
Hyundai,Creta,2018,6,"48,000 km",Manual,second,Petrol," 7,65,000"
Ford,Endeavour,2016,8,"134,000 km",Automatic,first,Diesel," 22,99,000"
Toyota,Innova Crysta,2019,5,"88,000 km",Automatic,first,Diesel," 17,50,000"
Ford,Ecosport,2013,11,"80,000 km",Manual,second,Diesel," 3,85,000"
Mercedes-Benz,CLA,2019,5,"32,000 km",Automatic,first,Diesel," 18,50,000"
Honda,Civic,2011,13,"82,000 km",Manual,first,Petrol," 2,30,000"
Mitsubishi,Cedia,2006,18,"96,000 km",Manual,second,Petrol," 2,75,000"
Mercedes-Benz,GLC,2024,0,"15,000 km",Automatic,first,Diesel," 80,00,000"
Mercedes-Benz,E-Class,2016,8,"73,000 km",Automatic,first,Diesel," 17,11,111"
BMW,X1,2018,6,"41,000 km",Automatic,first,Diesel," 20,49,000"
Honda,City,2012,12,"65,973 km",Manual,second,Petrol," 4,08,000"
Audi,Q3,2018,6,"58,000 km",Automatic,second,Diesel," 23,75,000"
Hyundai,Sonata Embera,2011,13,"55,632 km",Manual,first,Diesel," 2,75,000"
Honda,CRV,2013,11,"97,000 km",Automatic,first,Petrol," 9,25,000"
Ford,Endeavour,2017,7,"87,000 km",Automatic,second,Diesel," 16,00,000"
Kia,Sonet,2020,4,"42,000 km",Automatic,first,Petrol," 7,85,000"
Maruti Suzuki,maruti-suzuki-dzire,2013,11,"65,000 km",Manual,first,Petrol," 3,60,000"
Hyundai,i20,2016,8,"68,712 km",Manual,second,Petrol," 4,90,000"
Ford,Endeavour,2016,8,"180,000 km",Automatic,first,Diesel," 14,75,000"
Kia,Seltos,2020,4,"77,000 km",Automatic,first,Diesel," 14,75,000"
Kia,Sonet,2021,3,26000.0 km,Manual,first,Petrol," 8,75,000"
Renault,KWID,2020,4,"31,000 km",Automatic,first,Petrol," 3,90,000"
Toyota,Innova Crysta,2019,5,47000.0 km,Manual,first,Diesel," 23,45,000"
Audi,A8 L,2014,10,"62,000 km",Automatic,second,Diesel," 35,00,000"
Ford,Figo Aspire,2016,8,"75,000 km",Automatic,first,Petrol," 4,85,000"
Skoda,Octavia,2013,11,"75,000 km",Automatic,second,Petrol," 5,65,000"
Ford,Ecosport,2017,7,49000.0 km,Manual,second,Petrol," 5,90,000"
Hyundai,Xcent,2017,7,"93,000 km",Manual,first,Diesel," 3,90,000"
Hyundai,i20,2012,12,"125,000 km",Manual,first,Diesel," 2,75,000"
Maruti Suzuki,Vitara-Brezza,2017,7,"156,500 km",Manual,second,Diesel," 6,75,000"
Hyundai,i20,2018,6,"64,000 km",Manual,second,Diesel," 7,20,000"
Mahindra,Thar,2023,1,"7,300 km",Automatic,first,Diesel," 15,71,000"
Mahindra,Bolero Neo,2022,2,"41,000 km",Manual,first,Diesel," 9,50,000"
Hyundai,i10,2013,11,"34,000 km",Manual,first,Petrol," 2,55,000"
Maruti Suzuki,Swift,2022,2,"25,772 km",Manual,first,Petrol," 6,99,999"
Ford,Endeavour,2018,6,"62,000 km",Automatic,second,Diesel," 22,99,999"
Toyota,Innova Crysta,2021,3,37200.0 km,Automatic,first,Diesel," 25,90,000"
Honda,Accord,2005,19,137001.0 km,Manual,second,Petrol," 2,65,000"
Skoda,Kushaq,2010,14,,Automatic,first,Petrol," 4,00,000"
Toyota,Innova Hycross,2023,1,"32,000 km",Automatic,first,Petrol," 27,99,000"
Volkswagen,Passat,2011,13,83800.0 km,Automatic,second,Diesel," 5,50,000"
Honda,City,2014,10,"103,000 km",Manual,second,Diesel," 5,25,000"
Hyundai,Creta,2019,5,"49,000 km",Automatic,first,Petrol," 9,95,000"
Audi,Q7,2014,10,"45,000 km",Automatic,second,Diesel," 12,00,000"
Hyundai,Elantra,2012,12,"78,000 km",Automatic,second,Petrol," 4,45,000"
Volkswagen,Polo,2014,10,"121,000 km",Manual,second,Diesel," 4,65,000"
Mini,3 DOOR,2015,9,65000.0 km,Automatic,first,Diesel," 20,00,000"
Isuzu,MAX,2021,3,"110,000 km",Manual,first,Diesel," 8,90,000"
Maruti Suzuki,Vitara-Brezza,2019,5,"115,000 km",Automatic,second,Diesel," 8,40,000"
Maruti Suzuki,Swift-Dzire,2015,9,"83,000 km",Manual,first,Diesel," 2,75,000"
Mahindra,Scorpio,2010,14,52085.0 km,Manual,second,Diesel," 3,65,000"
Mahindra,Bolero,2021,3,"80,000 km",Manual,second,Diesel," 9,25,000"
Mercedes-Benz,S-Class,2016,8,"59,500 km",Automatic,first,Petrol," 50,00,000"
Toyota,Innova Crysta,2017,7,"175,000 km",Manual,first,Diesel," 12,50,000"
Tata,Tiago,2020,4,"28,300 km",Manual,second,Petrol," 4,95,000"
BMW,5 Series,2019,5,"35,833 km",Automatic,first,Diesel," 41,00,000"
Mercedes-Benz,G Class,2019,5,"59,000 km",Automatic,first,Petrol," 2,60,00,000"
Mercedes-Benz,C-Class,2022,2,"9,426 km",Automatic,first,Diesel," 53,90,000"
Renault,Triber,2021,3,"55,000 km",Manual,first,Petrol," 3,50,000"
Toyota,Innova Crysta,2022,2,"35,000 km",Automatic,first,Diesel," 26,95,000"
Kia,Carens,2022,2,"77,000 km",Automatic,first,Diesel," 17,25,000"
Maruti Suzuki,Wagon-R,2007,17,"84,000 km",Manual,second,Petrol," 2,00,000"
Mahindra,Thar,2016,8,46108.0 km,Manual,second,Diesel," 9,75,000"
Toyota,Innova Crysta,2023,1,12500.0 km,Manual,first,Diesel," 24,25,000"
Hyundai,Verna,2017,7,"38,000 km",Automatic,second,Petrol," 8,25,000"
Honda,City,2014,10,"95,000 km",Manual,first,Diesel," 5,85,000"
Maruti Suzuki,Wagon R,2006,18,58000.0 km,Manual,second,Petrol," 1,25,000"
Hyundai,Verna,2008,16,"140,000 km",Manual,second,Diesel,"88,000"
Tata,Tiago,2019,5,35967.0 km,Manual,first,Petrol," 4,10,000"
Toyota,Corolla Altis,2016,8,"61,000 km",Automatic,second,Petrol," 8,45,000"
Tata,Indica Vista,2009,15,"80,000 km",Manual,second,Petrol," 1,00,000"
Hyundai,Creta,2018,6,"54,904 km",Manual,first,Diesel," 9,69,000"
Hyundai,Alcazar,2024,0,"4,700 km",Manual,first,Diesel," 21,00,000"
BMW,3 Series,2013,11,"57,000 km",Automatic,first,Diesel," 12,00,000"
Mahindra,XUV500,2017,7,"52,000 km",Automatic,first,Diesel," 12,00,000"
Mahindra,Thar,2021,3,38000.0 km,Automatic,first,Diesel," 16,00,000"
Hyundai,Creta Facelift,2024,0,"3,200 km",Manual,first,Petrol," 15,00,000"
Mahindra,Thar,2021,3,"46,000 km",Automatic,first,Diesel," 16,20,000"
Maruti Suzuki,Wagon-R,2009,15,"70,000 km",Manual,second,Petrol," 1,61,000"
Kia,Sonet,2023,1,"2,400 km",Automatic,first,Diesel," 13,25,000"
Volkswagen,VentoTest,2017,7,"62,000 km",Automatic,second,Petrol," 4,90,000"
Mercedes-Benz,E-Class,2014,10,"119,000 km",Automatic,first,Diesel," 8,99,000"
Honda,Amaze,2019,5,67000.0 km,Automatic,second,Petrol," 5,75,000"
Mahindra,XUV500,2015,9,85000.0 km,Manual,first,Diesel," 5,75,000"
Skoda,Rapid,2015,9,"124,006 km",Manual,second,Diesel," 5,95,000"
Maruti Suzuki,Baleno,2016,8,"55,000 km",Manual,second,Petrol," 5,30,000"
Hyundai,i20,2013,11,"24,500 km",Manual,second,Petrol," 2,85,000"
Volkswagen,Polo,2020,4,"35,000 km",Automatic,first,Petrol," 11,80,000"
Jeep,Compass,2017,7,"51,600 km",Manual,first,Diesel," 6,95,000"
Kia,Seltos,2021,3,"100,000 km",Automatic,first,Diesel," 13,50,000"
Hyundai,i20,2012,12,"110,000 km",Manual,second,Petrol," 2,39,000"
Hyundai,Venue,2019,5,"52,000 km",Manual,second,Petrol," 7,25,000"
Honda,Amaze,2022,2,"21,000 km",Automatic,first,Petrol," 7,95,000"
Mercedes-Benz,C-Class,2015,9,"57,000 km",Automatic,first,Diesel," 17,50,000"
Honda,City,2015,9,"70,000 km",Automatic,first,Petrol," 5,75,000"
Volkswagen,Polo,2015,9,"78,000 km",Manual,second,Diesel," 5,95,000"
Toyota,Innova Crysta,2016,8,"103,000 km",Manual,second,Diesel," 13,50,000"
Hyundai,i20,2012,12,"120,000 km",Manual,second,Diesel," 2,36,000"
Ford,Figo,2011,13,93638.0 km,Manual,second,Diesel," 3,10,000"
Maruti Suzuki,Swift-Dzire,2013,11,"150,000 km",Manual,second,Diesel," 5,00,000"
Hyundai,Elantra,2018,6,"68,000 km",Automatic,first,Diesel," 11,75,000"
Maruti Suzuki,Swift-Dzire,2013,11,"135,000 km",Manual,second,Diesel," 1,60,000"
Datsun,RediGO,2018,6,"38,000 km",Automatic,first,Petrol," 2,80,000"
Audi,A4,2011,13,"150,000 km",Automatic,second,Diesel," 9,60,000"
Maruti Suzuki,Swift,2019,5,"48,000 km",Manual,first,Petrol," 5,25,000"
Mercedes-Benz,CLS-Class,2017,7,"72,000 km",Automatic,second,Diesel," 45,25,111"
Mercedes-Benz,GLA Class,2017,7,"32,600 km",Automatic,second,Petrol," 17,50,000"
Maruti Suzuki,Swift,2022,2,"19,245 km",Automatic,first,Petrol," 6,90,000"
Mahindra,Xylo,2018,6,"244,000 km",Manual,second,Diesel," 3,09,000"
Toyota,VELLFIRE,2022,2,"30,000 km",Automatic,first,Petrol," 1,15,00,000"
Mahindra,XUV500,2014,10,"88,500 km",Manual,first,Diesel," 5,89,000"
Maruti Suzuki,Alto-K10,2015,9,"73,000 km",Automatic,first,Petrol," 2,69,000"
Audi,A4,2019,5,"23,400 km",Automatic,second,Petrol," 24,75,000"
Audi,A6,2014,10,"99,000 km",Automatic,first,Diesel," 8,50,000"
Audi,A4,2017,7,"116,000 km",Automatic,second,Diesel," 20,90,000"
Honda,City,2021,3,15000.0 km,Automatic,first,Petrol," 14,25,000"
Audi,Q3,2016,8,"50,000 km",Automatic,second,Diesel," 14,00,000"
Mercedes-Benz,S-Class,2019,5,"29,000 km",Automatic,first,Petrol," 82,00,000"
Hyundai,i20,2014,10,"70,000 km",Manual,second,Diesel," 4,45,000"
Maruti Suzuki,Swift,2020,4,"65,000 km",Manual,first,Petrol," 6,00,000"
Volkswagen,VentoTest,2015,9,"103,000 km",Automatic,first,Diesel," 6,55,000"
Honda,City,2018,6,"48,000 km",Manual,second,Petrol," 5,75,000"
Honda,Civic,2007,17,"95,000 km",Manual,second,Petrol," 2,20,000"
Honda,City,2014,10,"90,000 km",Manual,second,Diesel," 3,81,999"
Mahindra,TUV,2019,5,"97,333 km",Manual,first,Diesel," 6,45,000"
Hyundai,i10,2012,12,"100,000 km",Automatic,second,Petrol," 3,20,000"
Renault,KWID,2016,8,40000.0 km,Manual,second,Petrol," 1,45,000"
Maruti Suzuki,Ciaz,2018,6,"34,000 km",Automatic,first,Petrol," 7,11,000"
Honda,City,2017,7,"28,305 km",Automatic,first,Petrol," 6,81,000"
Maruti Suzuki,Alto,2011,13,"53,000 km",Manual,second,Petrol," 1,70,000"
Toyota,Camry,2016,8,"175,000 km",Automatic,first,Petrol," 11,80,000"
Honda,City,2014,10,"87,000 km",Manual,first,Diesel," 4,50,000"
Jaguar,XF,2019,5,"17,500 km",Automatic,first,Petrol," 37,50,000"
Toyota,Innova Crysta,2020,4,"180,000 km",Manual,first,Diesel," 19,00,000"
Maruti Suzuki,Swift-Dzire,2017,7,"56,000 km",Manual,second,Diesel," 6,30,000"
Maruti Suzuki,Ertiga,2017,7,46000.0 km,Automatic,second,Petrol," 7,25,000"
Maruti Suzuki,S-Presso,2021,3,"25,000 km",Automatic,second,Petrol," 4,50,000"
Skoda,Octavia,2015,9,"59,000 km",Automatic,second,Petrol," 7,15,000"
Ford,Ecosport,2016,8,"610,000 km",Manual,first,Diesel," 4,90,000"
Hyundai,Creta,2016,8,"78,000 km",Automatic,second,Diesel," 10,25,000"
Audi,Q3,2017,7,"120,000 km",Automatic,second,Diesel," 19,50,000"
Maruti Suzuki,Ignis,2020,4,"28,000 km",Automatic,second,Petrol," 6,49,999"
Honda,City,2016,8,"29,000 km",Automatic,first,Petrol," 6,75,000"
Hyundai,i20,2017,7,"49,700 km",Manual,first,Petrol," 5,71,000"
Audi,A6,2011,13,"51,000 km",Automatic,second,Petrol," 13,50,000"
Mahindra,XUV500,2019,5,"19,300 km",Manual,second,Diesel," 9,95,000"
Volkswagen,Polo,2021,3,17000.0 km,Automatic,first,Petrol," 12,49,000"
Toyota,Fortuner,2013,11,"95,013 km",Automatic,first,Diesel," 10,50,000"
Maruti Suzuki,Alto 800,2020,4,39000.0 km,Manual,first,Petrol," 4,15,000"
Hyundai,Creta,2022,2,"9,000 km",Manual,first,Petrol," 14,95,000"
Jeep,Compass,2020,4,52300.0 km,Automatic,first,Petrol," 15,75,000"
Audi,A6,2013,11,"16,250 km",Automatic,first,Petrol," 13,50,000"
Hyundai,Venue,2020,4,"30,000 km",Manual,first,Petrol," 7,05,000"
Tata,Tigor,2022,2,"18,000 km",Manual,first,Petrol," 8,00,000"
BMW,5 Series,2015,9,"92,000 km",Automatic,first,Diesel," 14,50,000"
Toyota,Innova Crysta,2018,6,"118,000 km",Automatic,first,Diesel," 17,95,000"
Tata,Nano,2014,10,"48,000 km",Manual,second,Petrol," 1,80,000"
Kia,Sonet,2023,1,"2,400 km",Automatic,first,Petrol," 13,25,000"
BMW,7 Series,2018,6,"51,000 km",Automatic,second,Diesel," 46,75,000"
Honda,City,2016,8,"111,000 km",Automatic,first,Petrol," 4,50,000"
Chevrolet,Cruze,2013,11,"90,000 km",Automatic,first,Diesel," 4,40,000"
Maruti Suzuki,Swift-Dzire,2017,7,"68,000 km",Manual,second,Petrol," 5,00,000"
Maruti Suzuki,Baleno,2017,7,"51,000 km",Manual,first,Petrol," 4,85,000"
Skoda,Superb,2013,11,"72,000 km",Automatic,first,Petrol," 4,00,000"
Honda,City,2010,14,"79,000 km",Manual,second,Petrol," 2,05,000"
Mercedes-Benz,E-Class,2014,10,"51,447 km",Automatic,first,Diesel," 14,75,001"
Mahindra,Scorpio,2023,1,"15,903 km",Automatic,first,Diesel," 23,50,001"
Hyundai,Verna,2013,11,"52,000 km",Manual,first,Diesel," 2,62,000"
Maruti Suzuki,Ertiga,2021,3,19500.0 km,Manual,first,Petrol," 11,00,000"
Honda,City,2016,8,"56,000 km",Automatic,second,Petrol," 6,25,000"
Honda,Accord,2004,20,"80,000 km",Manual,second,Petrol,"60,000"
Toyota,Fortuner,2013,11,"180,000 km",Manual,second,Diesel," 17,50,000"
Mahindra,TUV,2016,8,"64,525 km",Manual,first,Diesel," 4,45,000"
Toyota,Innova Crysta,2022,2,"7,000 km",Automatic,first,Petrol," 22,50,000"
Mahindra,XUV700,2024,0,"1,450 km",Automatic,first,Diesel," 27,27,000"
Maruti Suzuki,Zen-Estilo,2005,19,"85,000 km",Automatic,second,Petrol,"54,000"
Mini,3 DOOR,2019,5,"39,000 km",Automatic,second,Petrol," 39,00,000"
Honda,Amaze,2021,3,"31,986 km",Manual,first,Petrol," 6,75,000"
Tata,Harrier,2023,1,"29,000 km",Manual,first,Diesel," 17,95,000"
Maruti Suzuki,Zen-Estilo,2005,19,"74,000 km",Manual,second,Petrol,"38,000"
Hyundai,Elite i20,2015,9,"57,000 km",Manual,first,Petrol," 4,55,000"
Mini,Cooper,2018,6,"12,923 km",Automatic,first,Petrol," 35,60,000"
Hyundai,Creta,2020,4,"130,000 km",Automatic,second,Diesel," 11,00,000"
Honda,Amaze,2020,4,"25,000 km",Manual,first,Petrol," 6,55,000"
Maruti Suzuki,Estilo,2010,14,0 km,Automatic,second,Petrol," 1,40,000"
Maruti Suzuki,Swift,2009,15,"80,282 km",Manual,second,Petrol," 2,75,000"
Mercedes-Benz,C-Class,2017,7,"112,000 km",Automatic,first,Diesel," 26,50,000"
Hyundai,i10,2009,15,"69,000 km",Automatic,first,Petrol," 2,30,000"
Maruti Suzuki,Swift-Dzire,2008,16,"83,481 km",Manual,second,Petrol," 1,75,000"
Volkswagen,Polo,2021,3,"50,000 km",Automatic,second,Petrol," 9,50,000"
Maruti Suzuki,Baleno,2016,8,"63,200 km",Automatic,second,Petrol," 5,85,000"
Hyundai,Grand i10,2018,6,"53,000 km",Manual,second,Petrol," 3,99,000"
Hyundai,Getz Prime,2009,15,15 km,Manual,second,Petrol,"80,000"
Kia,Sonet,2023,1,"43,000 km",Manual,first,Diesel," 10,90,000"
BMW,X4,2022,2,"9,000 km",Automatic,second,Petrol," 72,00,000"
Hyundai,i10,2011,13,"58,000 km",Automatic,first,Petrol," 3,75,000"
MG,Hector,2021,3,"50,000 km",Automatic,second,Petrol," 13,99,000"
Maruti Suzuki,Ciaz,2019,5,"49,000 km",Automatic,second,Petrol," 6,95,000"
Honda,City ZX,2005,19,"60,000 km",Manual,second,Petrol,"90,000"
Chevrolet,Cruze,2013,11,"70,000 km",Automatic,first,Diesel," 4,21,000"
Volkswagen,Polo,2019,5,"48,000 km",Manual,first,Petrol," 6,50,000"
Tata,Nexon,2018,6,"38,000 km",Manual,first,Petrol," 5,95,000"
Toyota,Glanza,2021,3,"28,000 km",Automatic,second,Petrol," 7,50,000"
Maruti Suzuki,Alto-800,2021,3,"19,500 km",Manual,second,Petrol," 3,60,000"
Mahindra,XUV500,2014,10,"99,000 km",Manual,second,Diesel," 5,10,000"
Toyota,Innova Crysta,2018,6,"74,000 km",Automatic,second,Diesel," 18,50,000"
Maruti Suzuki,S-Cross,2017,7,"113,000 km",Manual,second,Diesel," 5,95,000"
Lexus,LX,2024,0,"24,000 km",Automatic,first,Diesel," 2,77,50,000"
Hyundai,Tucson,2017,7,"90,709 km",Automatic,first,Diesel," 13,25,000"
Toyota,Innova Crysta,2016,8,"99,584 km",Automatic,first,Diesel," 18,90,000"
Chevrolet,Enjoy,2015,9,"92,000 km",Manual,second,Diesel," 3,95,000"
Maruti Suzuki,Grand Vitara,2023,1,"20,000 km",Automatic,first,Petrol," 17,95,000"
Maruti Suzuki,Swift,2019,5,"80,000 km",Manual,first,Diesel," 7,75,000"
Ford,Figo,2013,11,"64,000 km",Manual,first,Diesel," 2,39,000"
Hyundai,Venue,2015,9,"78,000 km",Manual,first,Diesel," 5,85,000"
Audi,Q5,2010,14,"98,000 km",Automatic,second,Diesel," 10,75,000"
Kia,Seltos,2022,2,"18,000 km",Automatic,first,Petrol," 14,95,000"
BMW,X3,2012,12,"86,000 km",Automatic,second,Diesel," 11,25,000"
Honda,Mobilio,2015,9,"51,000 km",Manual,second,Petrol," 4,85,000"
Fiat,Punto EVO,2015,9,"86,000 km",Manual,second,Diesel," 2,50,000"
BMW,3 Series GT,2017,7,"100,000 km",Automatic,first,Diesel," 18,40,000"
Mahindra,Bolero Neo Plus,2015,9,,Automatic,first,Diesel," 4,50,000"
Mahindra,Scorpio N,2023,1,12000.0 km,Automatic,first,Diesel," 24,00,000"
Maruti Suzuki,Vitara-Brezza,2018,6,"67,000 km",Manual,first,Diesel," 6,00,000"
Hyundai,Alcazar,2022,2,"33,000 km",Automatic,first,Diesel," 18,99,000"
Mahindra,XUV500,2015,9,"71,000 km",Manual,second,Diesel," 7,35,000"
Hyundai,Grand i10,2017,7,"47,600 km",Automatic,first,Petrol," 4,99,000"
Hyundai,Verna,2002,22,"160,000 km",Manual,first,Diesel," 3,85,000"
Audi,A3,2015,9,"95,000 km",Automatic,first,Diesel," 13,95,000"
Maruti Suzuki,Brezza,2022,2,"33,000 km",Automatic,first,Petrol," 8,90,000"
Hyundai,Creta,2018,6,"70,000 km",Manual,first,Diesel," 9,65,000"
Tata,Hexa,2017,7,"57,000 km",Automatic,first,Diesel," 8,85,000"
Hyundai,Creta,2019,5,36588.0 km,Automatic,first,Diesel," 10,00,000"
Hyundai,Verna,2021,3,"46,000 km",Automatic,first,Petrol," 12,00,000"
BMW,5 Series,2016,8,"47,000 km",Automatic,second,Diesel," 25,00,000"
BMW,3 Series,2014,10,"90,000 km",Automatic,second,Diesel," 12,60,000"
Maruti Suzuki,Swift,2013,11,"54,268 km",Manual,first,Petrol," 2,75,621"
BMW,X1,2011,13,110000.0 km,Automatic,second,Diesel," 7,50,000"
Hyundai,Creta,2018,6,"57,000 km",Automatic,first,Diesel," 11,25,000"
Hyundai,Creta,2021,3,"25,000 km",Manual,first,Petrol," 12,95,000"
Mahindra,TUV,2018,6,"83,725 km",Automatic,second,Diesel," 6,75,000"
Toyota,Etios,2018,6,"95,000 km",Manual,second,Diesel," 5,45,000"
Renault,KWID,2017,7,"33,000 km",Automatic,second,Petrol," 3,75,000"
Mercedes-Benz,S-Class,2018,6,"39,000 km",Automatic,second,Diesel," 59,50,000"
Isuzu,D-Max V-Cross,2018,6,"96,000 km",Manual,second,Diesel," 15,50,000"
Honda,Civic,2006,18,"98,000 km",Automatic,second,Petrol," 2,25,000"
Maruti Suzuki,Alto-800,2016,8,"101,500 km",Manual,second,Petrol," 2,45,000"
Volkswagen,VentoTest,2017,7,"76,654 km",Automatic,first,Petrol," 7,75,000"
Maruti Suzuki,Swift-Dzire,2012,12,"69,000 km",Manual,second,Petrol," 3,15,000"
MG,Hector,2019,5,"16,000 km",Automatic,second,Petrol," 12,50,000"
Hyundai,Creta,2019,5,"38,000 km",Automatic,second,Petrol," 9,50,000"
Maruti Suzuki,Vitara-Brezza,2018,6,"53,200 km",Automatic,first,Diesel," 8,90,000"
Audi,A3,2015,9,"42,000 km",Automatic,second,Diesel," 10,50,000"
Audi,A3,2015,9,"52,500 km",Automatic,first,Petrol," 15,50,000"
Maruti Suzuki,Vitara-Brezza,2019,5,"76,000 km",Automatic,first,Diesel," 7,35,000"
Hyundai,Creta,2020,4,"54,000 km",Manual,first,Petrol," 10,90,000"
Jaguar,XF,2013,11,"35,000 km",Automatic,second,Diesel," 17,45,000"
Nissan,Terrano,2017,7,"95,000 km",Manual,second,Petrol," 5,00,000"
Hyundai,Tucson,2021,3,"29,168 km",Automatic,first,Diesel," 26,00,000"
Tata,Zest,2019,5,"140,000 km",Manual,first,Diesel," 4,90,000"
Maruti Suzuki,Baleno,2019,5,"21,000 km",Manual,first,Petrol," 6,75,000"
Hyundai,i10,2013,11,"56,000 km",Manual,second,Petrol," 1,85,000"
Hyundai,Creta,2022,2,"33,000 km",Automatic,first,Diesel," 18,35,000"
Hyundai,Fluidic Verna,2016,8,84100.0 km,Manual,second,Petrol," 6,45,000"
Maruti Suzuki,Ritz,2014,10,"98,000 km",Manual,first,Diesel," 4,45,000"
Honda,City,2017,7,"73,000 km",Automatic,first,Petrol," 5,90,000"
BMW,3 Series,2013,11,"57,000 km",Automatic,first,Diesel," 12,00,000"
Hyundai,Creta,2015,9,"118,000 km",Manual,second,Diesel," 8,75,000"
Mercedes-Benz,C-Class,2018,6,"43,000 km",Automatic,second,Diesel," 23,50,000"
Hyundai,Fluidic Verna,2020,4,"76,500 km",Manual,first,Petrol," 10,75,000"
Maruti Suzuki,Alto-800,2020,4,"105,000 km",Manual,second,Petrol," 3,10,000"
Maruti Suzuki,Alto,2010,14,82000.0 km,Manual,second,Petrol," 1,35,000"
Maruti Suzuki,maruti-suzuki-dzire,2013,11,"43,000 km",Manual,first,Petrol," 3,90,000"
Toyota,Innova,2011,13,"49,000 km",Manual,first,Diesel," 4,24,000"
Honda,City,2017,7,"81,000 km",Automatic,first,Petrol," 6,99,000"
Volkswagen,Vento,2017,7,85000.0 km,Automatic,first,Diesel," 7,50,000"
Mercedes-Benz,G-Class,2017,7,45000.0 km,Automatic,second,Petrol," 1,45,00,000"
Renault,Duster,2018,6,"83,000 km",Automatic,second,Diesel," 9,40,000"
Hyundai,Verna,2019,5,"87,000 km",Manual,first,Diesel," 10,50,000"
Hyundai,Creta,2023,1,"34,000 km",Automatic,first,Diesel," 19,50,000"
Maruti Suzuki,Ertiga,2016,8,"70,000 km",Manual,first,Diesel," 7,51,000"
Honda,City,2016,8,"40,000 km",Manual,first,Petrol," 6,25,000"
Volkswagen,Tiguan,2018,6,"52,000 km",Automatic,first,Diesel," 19,15,000"
Hyundai,Alcazar,2021,3,"100,000 km",Automatic,first,Diesel," 14,50,000"
Mercedes-Benz,E-Class,2015,9,"85,000 km",Automatic,first,Petrol," 13,95,000"
Volkswagen,Tiguan,2017,7,"110,000 km",Automatic,first,Diesel," 14,95,000"
Mahindra,XUV 300,2021,3,"18,000 km",Automatic,first,Petrol," 9,90,000"
Mahindra,XUV500,2016,8,"99,344 km",Manual,second,Diesel," 5,70,000"
Tata,Safari,2022,2,"65,000 km",Automatic,first,Diesel," 20,90,000"
Maruti Suzuki,Swift-Dzire,2013,11,"73,500 km",Manual,second,Petrol," 3,70,000"
Maruti Suzuki,Ciaz,2017,7,"75,000 km",Automatic,second,Petrol," 6,75,000"
Tata,Hexa,2017,7,"81,000 km",Automatic,first,Diesel," 7,90,000"
Maruti Suzuki,Omni,2015,9,"45,100 km",Manual,first,Petrol," 1,57,000"
Tata,Safari,2021,3,"54,000 km",Automatic,first,Diesel," 14,95,000"
Hyundai,Creta,2018,6,"54,000 km",Manual,second,Petrol," 8,95,000"
BMW,5 Series,2016,8,"47,000 km",Automatic,second,Diesel," 25,00,000"
Volkswagen,Polo GTI,2013,11,"61,000 km",Automatic,first,Petrol," 4,10,000"
Hyundai,Grand i10,2019,5,"51,000 km",Manual,first,Petrol," 5,21,000"
MG,Hector,2020,4,"65,000 km",Manual,second,Petrol," 11,25,000"
Skoda,Rapid,2017,7,"49,600 km",Manual,first,Petrol," 6,65,000"
Hyundai,Verna,2022,2,"50,000 km",Manual,first,Diesel," 12,00,000"
Mahindra,Thar,2022,2,"39,000 km",Manual,first,Diesel," 14,50,000"
Toyota,Fortuner,2010,14,"279,000 km",Manual,first,Diesel," 12,49,000"
Renault,Duster,2015,9,"76,000 km",Manual,second,Petrol," 4,25,000"
Skoda,Rapid,2015,9,"71,000 km",Automatic,second,Petrol," 3,95,000"
Audi,A6,2017,7,"29,500 km",Automatic,second,Diesel," 21,50,000"
Honda,Jazz,2016,8,"63,210 km",Manual,first,Petrol," 4,21,000"
Kia,Seltos,2021,3,"35,000 km",Automatic,first,Diesel," 17,35,000"
Honda,Civic,2011,13,"82,000 km",Manual,first,Petrol," 2,30,000"
Chevrolet,Optra,2009,15,"97,000 km",Manual,second,Petrol," 2,50,000"
Maruti Suzuki, Wagon R,2017,7,41000.0 km,Automatic,first,Petrol," 4,65,000"
Mini,Cooper Countryman,2019,5,"31,900 km",Automatic,second,Petrol," 26,50,000"
Kia,Seltos,2019,5,"22,000 km",Automatic,second,Petrol," 11,95,000"
BMW,X3,2017,7,"104,000 km",Automatic,second,Diesel," 22,00,000"
Mahindra,Bolero,2018,6,"85,000 km",Manual,second,Diesel," 6,25,000"
Mahindra,XUV700,2023,1,"5,000 km",Automatic,first,Diesel," 29,50,000"
Mercedes-Benz,GLE,2023,1,"30,000 km",Automatic,first,Diesel," 97,00,000"
Hyundai,Creta,2019,5,"50,000 km",Manual,first,Petrol," 9,75,000"
Honda,Brio,2015,9,"65,000 km",Manual,first,Petrol," 3,75,000"
Maruti Suzuki,Ritz,2014,10,"9,000 km",Manual,second,Diesel," 3,20,000"
Audi,Q5,2012,12,"76,532 km",Automatic,second,Diesel," 9,50,000"
Maruti Suzuki,Ritz,2012,12,"62,000 km",Manual,first,Diesel," 3,69,000"
Mahindra,Bolero Power Plus,2018,6,20 km,Automatic,second,Diesel," 6,70,000"
BMW,3 Series,2010,14,"65,000 km",Automatic,first,Diesel," 4,89,000"
Renault,Triber,2022,2,"39,000 km",Automatic,first,Diesel," 7,50,000"
Ford,Endeavour,2018,6,"93,000 km",Automatic,first,Diesel," 21,99,000"
Hyundai,Creta,2017,7,"67,000 km",Automatic,first,Petrol," 7,90,000"
BMW,3 Series,2013,11,"57,000 km",Automatic,first,Diesel," 12,00,000"
Audi,Q7,2014,10,"45,000 km",Automatic,second,Diesel," 12,00,000"
Maruti Suzuki,Celerio,2016,8,"94,000 km",Automatic,second,Petrol," 3,05,000"
BMW,X3,2016,8,"92,000 km",Automatic,second,Diesel," 30,00,000"
Maruti Suzuki,Celerio,2015,9,"71,000 km",Manual,second,Diesel," 3,75,000"
Hyundai,Tucson,2017,7,"72,431 km",Automatic,second,Diesel," 10,49,000"
Mahindra,Scorpio,2012,12,"95,000 km",Manual,first,Diesel," 5,45,000"
Toyota,Fortuner,2023,1,"19,000 km",Automatic,first,Diesel," 39,50,000"
Maruti Suzuki,Celerio,2015,9,"80,000 km",Manual,second,Petrol," 4,30,000"
Mercedes-Benz,GL-Class,2012,12,"95,000 km",Automatic,second,Diesel," 14,49,000"
Toyota,Innova Crysta,2016,8,"94,100 km",Manual,first,Diesel," 18,35,000"
Ford,Endeavour,2020,4,"90,000 km",Automatic,first,Diesel," 31,50,000"
Toyota,Fortuner,2015,9,"125,000 km",Automatic,first,Diesel," 11,25,000"
Hyundai,Creta,2017,7,"77,000 km",Manual,first,Petrol," 7,70,000"
Mercedes-Benz,GLC Class,2017,7,"65,000 km",Automatic,second,Diesel," 27,85,000"
Tata,Harrier,2024,0,"4,200 km",Automatic,first,Diesel," 21,25,000"
Ford,Fiesta Classic,2011,13,"135,000 km",Manual,second,Diesel," 2,25,000"
Hyundai,Verna,2008,16,"71,000 km",Manual,second,Petrol," 2,50,000"
Tata,Harrier,2022,2,"20,000 km",Automatic,first,Diesel," 21,50,000"
Mercedes-Benz,GLA Class,2017,7,"32,600 km",Automatic,second,Petrol," 17,50,000"
Mahindra,Scorpio,2020,4,"48,100 km",Manual,first,Diesel," 12,50,000"
Honda,City,2013,11,"107,565 km",Manual,second,Petrol," 4,25,000"
Toyota,Fortuner,2019,5,"55,000 km",Automatic,second,Diesel," 34,75,000"
Tata,Nexon,2019,5,"74,576 km",Manual,first,Diesel," 6,40,000"
Maruti Suzuki,Ciaz,2014,10,"75,000 km",Manual,first,Petrol," 4,75,000"
Maruti Suzuki,Baleno,2020,4,"45,124 km",Manual,first,Petrol," 6,50,000"
Hyundai,Elite i20,2018,6,"78,000 km",Manual,second,Diesel," 6,25,000"
Toyota,Etios,2011,13,"65,321 km",Manual,second,Diesel," 2,19,101"
Isuzu,MUX,2019,5,"185,000 km",Automatic,first,Diesel," 15,35,000"
Honda,Jazz,2016,8,"46,000 km",Automatic,second,Petrol," 4,50,000"
Maruti Suzuki,Alto,2012,12,"63,000 km",Manual,first,Petrol," 1,99,000"
Maruti Suzuki,Ritz,2014,10,"65,000 km",Manual,second,Petrol," 2,75,000"
Maruti Suzuki,Ignis,2017,7,"88,000 km",Manual,second,Petrol," 4,10,000"
Audi,A4,2015,9,"85,000 km",Automatic,second,Diesel," 6,10,000"
Honda,City,2015,9,"71,000 km",Manual,second,Petrol," 4,98,000"
Maruti Suzuki,Grand Vitara,2024,0,"1,600 km",Manual,first,Petrol," 13,50,000"
Maruti Suzuki,Swift,2018,6,"65,000 km",Manual,first,Diesel," 6,50,000"
Mahindra,XUV500,2016,8,"81,000 km",Manual,first,Diesel," 6,90,000"
BMW,7 Series,2009,15,"40,000 km",Automatic,first,Petrol," 10,00,000"
Kia,Seltos,2020,4,"70,000 km",Automatic,first,Diesel," 15,50,000"
Mercedes-Benz,V-Class,2019,5,75000.0 km,Automatic,first,Diesel," 54,75,000"
Tata,Safari Storme,2017,7,"96,000 km",Manual,second,Diesel," 6,75,000"
Toyota,Fortuner,2015,9,"150,000 km",Automatic,second,Diesel," 14,50,000"
Honda,City,2018,6,"82,000 km",Manual,second,Petrol," 6,50,000"
Maruti Suzuki,Swift,2017,7,"129,000 km",Manual,first,Diesel," 5,39,000"
Toyota,Fortuner,2023,1,"19,500 km",Automatic,second,Diesel," 43,70,000"
Maruti Suzuki,Alto-K10,2012,12,"100,000 km",Manual,second,Petrol," 2,00,000"
Volkswagen,VentoTest,2015,9,"104,771 km",Automatic,second,Diesel," 4,50,000"
Tata,Indica Ev2,2012,12,"190,000 km",Manual,first,Diesel,"85,000"
Tata,Tigor,2017,7,"49,000 km",Automatic,second,Petrol," 4,30,000"
Honda,City,2017,7,"70,000 km",Manual,second,Petrol," 6,85,000"
Kia,Seltos,2021,3,"35,213 km",Automatic,first,Petrol," 10,95,000"
Mercedes-Benz,E-Class,2012,12,"59,695 km",Automatic,second,Diesel," 15,45,000"
Maruti Suzuki,Swift-Dzire,2014,10,23 km,Automatic,second,Diesel," 3,75,000"
Hyundai,Grand i10,2016,8,"45,000 km",Manual,second,Petrol," 3,30,000"
Tata,Nexon,2020,4,"30,000 km",Manual,first,Petrol," 7,75,000"
Tata,Nexon,2019,5,"31,000 km",Manual,first,Petrol," 6,00,000"
Hyundai,Creta,2020,4,"55,000 km",Automatic,second,Petrol," 13,25,000"
Maruti Suzuki,Ertiga,2023,1,"8,500 km",Automatic,first,Petrol," 10,51,000"
Tata,Safari,2013,11,"87,312 km",Manual,first,Diesel," 3,49,444"
Maruti Suzuki,Baleno,2018,6,"72,000 km",Automatic,second,Petrol," 5,30,000"
Toyota,Fortuner,2010,14,"126,000 km",Manual,first,Diesel," 5,70,000"
Audi,A4,2013,11,"55,000 km",Automatic,second,Diesel," 7,85,000"
Toyota,Etios Liva,2016,8,"148,000 km",Manual,first,Diesel," 5,49,000"
Toyota,2.8 Legender 4X2,2015,9,"175,300 km",Automatic,second,Diesel," 10,00,000"
Volkswagen,CrossPolo,2014,10,"104,600 km",Manual,second,Diesel," 4,49,000"
Maruti Suzuki,Vitara-Brezza,2019,5,"35,000 km",Automatic,second,Diesel," 6,80,000"
MG,Hector Plus,2023,1,"27,002 km",Automatic,first,Petrol," 21,00,002"
Mercedes-Benz,GL-Class,2014,10,"94,500 km",Automatic,second,Diesel," 21,50,000"
Jaguar,XF,2019,5,"15,000 km",Automatic,second,Diesel," 29,95,000"
Maruti Suzuki,Swift,2016,8,1 km,Manual,first,Petrol," 5,10,000"
Maruti Suzuki,Baleno,2016,8,"90,000 km",Manual,second,Diesel," 5,00,000"
Maruti Suzuki,Swift-Dzire,2017,7,"42,000 km",Manual,second,Petrol," 4,90,000"
Hyundai,Santro Xing,2009,15,"36,200 km",Manual,first,Petrol,"91,500"
Toyota,Innova Crysta,2018,6,"98,000 km",Automatic,second,Diesel," 16,50,000"
Toyota,Innova Crysta,2022,2,"21,000 km",Automatic,first,Diesel," 25,90,000"
BMW,X1,2017,7,"39,000 km",Automatic,second,Diesel," 23,99,999"
BMW,X3,2012,12,75000.0 km,Automatic,second,Diesel," 19,75,000"
Kia,Seltos,2020,4,"34,000 km",Manual,first,Diesel," 10,75,000"
Maruti Suzuki,Wagon-R,2009,15,"18,000 km",Manual,second,Petrol," 1,35,000"
Toyota,Innova Crysta,2020,4,"33,000 km",Manual,second,Diesel," 12,50,000"
Tata,Harrier,2021,3,"29,336 km",Manual,first,Diesel," 21,85,000"
Mahindra,Bolero Neo,2023,1,,Manual,first,Diesel," 10,00,000"
Honda,Jazz,2011,13,"90,000 km",Manual,second,Petrol," 1,99,000"
Maruti Suzuki,Swift-Dzire,2014,10,"53,000 km",Manual,first,Diesel," 2,85,000"
Maruti Suzuki,Swift-Dzire,2017,7,"155,000 km",Manual,second,Diesel," 5,50,000"
Tata,Harrier,2022,2,"48,000 km",Automatic,first,Diesel," 20,99,999"
Skoda,Kushaq,2024,0,"13,000 km",Automatic,first,Petrol," 14,75,000"
Maruti Suzuki,Celerio-X,2018,6,"67,452 km",Automatic,first,Petrol," 3,85,000"
Mini,Cooper S,2017,7,"22,000 km",Automatic,second,Petrol," 28,50,000"
Maruti Suzuki,Ertiga,2016,8,"145,000 km",Automatic,second,Diesel," 6,50,000"
BMW,X7,2022,2,"29,000 km",Automatic,first,Diesel," 1,07,00,000"
Tata,Manza,2011,13,"150,000 km",Manual,first,Diesel," 1,49,000"
Kia,Seltos,2019,5,"54,500 km",Automatic,first,Diesel," 15,90,000"
BMW,5 Series,2018,6,30000.0 km,Automatic,first,Diesel," 39,50,000"
Volkswagen,Polo,2013,11,"75,000 km",Automatic,second,Petrol," 4,70,000"
Honda,Amaze,2019,5,"45,000 km",Automatic,first,Petrol," 6,49,999"
Jeep,Compass,2021,3,"78,000 km",Automatic,first,Diesel," 15,50,000"
BMW,5 Series,2016,8,"47,000 km",Automatic,second,Diesel," 25,00,000"
Toyota,Innova,2012,12,"144,600 km",Manual,second,Diesel," 6,50,000"
Mercedes-Benz,C-Class,2018,6,"51,000 km",Automatic,second,Diesel," 28,50,000"
Toyota,Innova,2015,9,"189,000 km",Manual,second,Diesel," 9,20,000"
Audi,A6,2017,7,"58,000 km",Automatic,first,Petrol," 27,50,000"
Mahindra,Bolero Power Plus,2013,11,"174,000 km",Automatic,first,Diesel," 3,25,000"
Skoda,Rapid,2013,11,"65,000 km",Automatic,second,Petrol," 3,15,000"
Toyota,Land Cruiser,2023,1,15000.0 km,Automatic,first,Diesel," 2,47,00,000"
Toyota,Corolla,2014,10,"65,000 km",Manual,first,Petrol," 1,60,000"
Maruti Suzuki,Alto-800,2018,6,"22,000 km",Manual,first,Petrol," 2,90,000"
Hyundai,Verna,2013,11,"72,000 km",Automatic,second,Diesel," 4,85,000"
Tata,Nano,2015,9,"47,000 km",Automatic,second,Petrol," 2,65,000"
Volkswagen,VentoTest,2018,6,"126,000 km",Manual,first,Diesel," 5,70,000"
Hyundai,Verna,2015,9,"125,350 km",Manual,second,Diesel," 6,50,000"
Renault,Duster,2020,4,"23,000 km",Automatic,first,Petrol," 5,99,000"
Honda,City,2017,7,"120,000 km",Manual,second,Diesel," 6,90,000"
Audi,Q5,2014,10,"50,000 km",Automatic,second,Diesel," 21,50,000"
Maruti Suzuki,Ignis,2018,6,"31,000 km",Manual,first,Petrol," 4,19,000"
BMW,3 Series GT,2015,9,"61,000 km",Automatic,second,Diesel," 15,00,000"
Tata,Indica,2014,10,,Manual,first,Diesel," 2,50,000"
Toyota,Fortuner,2015,9,"154,000 km",Automatic,second,Diesel," 18,75,000"
Maruti Suzuki,Swift,2020,4,"45,000 km",Manual,first,Petrol," 5,25,000"
Nissan,MICRA PRIMO,2019,5,"56,000 km",Manual,second,Petrol," 4,50,000"
Toyota,Fortuner,2014,10,"86,000 km",Automatic,second,Diesel," 13,25,000"
Hyundai,Verna,2016,8,"49,000 km",Manual,second,Diesel," 4,95,000"
Hyundai,Verna,2020,4,"58,000 km",Manual,second,Petrol," 9,50,000"
Maruti Suzuki,maruti-suzuki-dzire,2017,7,"87,000 km",Manual,first,Petrol," 4,60,000"
Mahindra,XUV500,2013,11,"49,200 km",Manual,first,Diesel," 5,50,000"
BMW,X5,2021,3,"21,000 km",Automatic,first,Petrol," 80,50,000"
Toyota,Camry,2023,1,"10,000 km",Automatic,first,Petrol," 44,50,000"
Toyota,Innova,2006,18,"170,000 km",Manual,second,Diesel," 2,70,000"
Renault,Duster,2016,8,"63,000 km",Manual,second,Diesel," 4,15,000"
